/home/ubuntu/data/orig_detected_face/Kate_Capshaw/face_0_Kate_Capshaw_0001.jpg;0
/home/ubuntu/data/orig_detected_face/Adrian_Nastase/face_0_Adrian_Nastase_0001.jpg;1
/home/ubuntu/data/orig_detected_face/Adrian_Nastase/face_0_Adrian_Nastase_0002.jpg;1
/home/ubuntu/data/orig_detected_face/Jose_Dirceu/face_0_Jose_Dirceu_0001.jpg;2
/home/ubuntu/data/orig_detected_face/Amram_Mitzna/face_0_Amram_Mitzna_0001.jpg;3
/home/ubuntu/data/orig_detected_face/Amram_Mitzna/face_0_Amram_Mitzna_0002.jpg;3
/home/ubuntu/data/orig_detected_face/Bill_Belichick/face_0_Bill_Belichick_0001.jpg;4
/home/ubuntu/data/orig_detected_face/Bill_Belichick/face_0_Bill_Belichick_0002.jpg;4
/home/ubuntu/data/orig_detected_face/Chen_Liang_Yu/face_0_Chen_Liang_Yu_0001.jpg;5
/home/ubuntu/data/orig_detected_face/Chen_Liang_Yu/face_0_Chen_Liang_Yu_0002.jpg;5
/home/ubuntu/data/orig_detected_face/Karin_Stoiber/face_0_Karin_Stoiber_0002.jpg;6
/home/ubuntu/data/orig_detected_face/Karin_Stoiber/face_0_Karin_Stoiber_0001.jpg;6
/home/ubuntu/data/orig_detected_face/Laurent_Gbagbo/face_0_Laurent_Gbagbo_0001.jpg;7
/home/ubuntu/data/orig_detected_face/Laurent_Gbagbo/face_0_Laurent_Gbagbo_0002.jpg;7
/home/ubuntu/data/orig_detected_face/Corinne_Coman/face_0_Corinne_Coman_0002.jpg;8
/home/ubuntu/data/orig_detected_face/Corinne_Coman/face_0_Corinne_Coman_0001.jpg;8
/home/ubuntu/data/orig_detected_face/Greg_Owen/face_0_Greg_Owen_0001.jpg;9
/home/ubuntu/data/orig_detected_face/Greg_Owen/face_0_Greg_Owen_0002.jpg;9
/home/ubuntu/data/orig_detected_face/Eve_Pelletier/face_0_Eve_Pelletier_0001.jpg;10
/home/ubuntu/data/orig_detected_face/Eve_Pelletier/face_0_Eve_Pelletier_0002.jpg;10
/home/ubuntu/data/orig_detected_face/Mack_Brown/face_0_Mack_Brown_0002.jpg;11
/home/ubuntu/data/orig_detected_face/Mack_Brown/face_0_Mack_Brown_0001.jpg;11
/home/ubuntu/data/orig_detected_face/Al_Davis/face_0_Al_Davis_0001.jpg;12
/home/ubuntu/data/orig_detected_face/Al_Davis/face_0_Al_Davis_0002.jpg;12
/home/ubuntu/data/orig_detected_face/Alejandro_Atchugarry/face_0_Alejandro_Atchugarry_0001.jpg;13
/home/ubuntu/data/orig_detected_face/Alejandro_Atchugarry/face_0_Alejandro_Atchugarry_0002.jpg;13
/home/ubuntu/data/orig_detected_face/Carson_Daly/face_0_Carson_Daly_0002.jpg;14
/home/ubuntu/data/orig_detected_face/Carson_Daly/face_0_Carson_Daly_0001.jpg;14
/home/ubuntu/data/orig_detected_face/Goran_Persson/face_0_Goran_Persson_0001.jpg;15
/home/ubuntu/data/orig_detected_face/Goran_Persson/face_0_Goran_Persson_0002.jpg;15
/home/ubuntu/data/orig_detected_face/Andy_Hebb/face_0_Andy_Hebb_0001.jpg;16
/home/ubuntu/data/orig_detected_face/Andy_Hebb/face_0_Andy_Hebb_0002.jpg;16
/home/ubuntu/data/orig_detected_face/Klaus_Zwickel/face_0_Klaus_Zwickel_0002.jpg;17
/home/ubuntu/data/orig_detected_face/Klaus_Zwickel/face_0_Klaus_Zwickel_0001.jpg;17
/home/ubuntu/data/orig_detected_face/Marcus_Gronholm/face_0_Marcus_Gronholm_0002.jpg;18
/home/ubuntu/data/orig_detected_face/Marcus_Gronholm/face_0_Marcus_Gronholm_0001.jpg;18
/home/ubuntu/data/orig_detected_face/Derek_Lowe/face_0_Derek_Lowe_0001.jpg;19
/home/ubuntu/data/orig_detected_face/Derek_Lowe/face_0_Derek_Lowe_0002.jpg;19
/home/ubuntu/data/orig_detected_face/Greg_Ostertag/face_0_Greg_Ostertag_0001.jpg;20
/home/ubuntu/data/orig_detected_face/Greg_Ostertag/face_1_Greg_Ostertag_0001.jpg;20
/home/ubuntu/data/orig_detected_face/Greg_Ostertag/face_0_Greg_Ostertag_0002.jpg;20
/home/ubuntu/data/orig_detected_face/Bertrand_Bonello/face_0_Bertrand_Bonello_0001.jpg;21
/home/ubuntu/data/orig_detected_face/Bertrand_Bonello/face_0_Bertrand_Bonello_0002.jpg;21
/home/ubuntu/data/orig_detected_face/Alberto_Ruiz_Gallardon/face_0_Alberto_Ruiz_Gallardon_0001.jpg;22
/home/ubuntu/data/orig_detected_face/Alberto_Ruiz_Gallardon/face_0_Alberto_Ruiz_Gallardon_0002.jpg;22
/home/ubuntu/data/orig_detected_face/Inam-ul-Haq/face_0_Inam-ul-Haq_0001.jpg;23
/home/ubuntu/data/orig_detected_face/Inam-ul-Haq/face_0_Inam-ul-Haq_0002.jpg;23
/home/ubuntu/data/orig_detected_face/Greg_Gilbert/face_0_Greg_Gilbert_0001.jpg;24
/home/ubuntu/data/orig_detected_face/Greg_Gilbert/face_0_Greg_Gilbert_0002.jpg;24
/home/ubuntu/data/orig_detected_face/Cindy_Margolis/face_0_Cindy_Margolis_0002.jpg;25
/home/ubuntu/data/orig_detected_face/Cindy_Margolis/face_0_Cindy_Margolis_0001.jpg;25
/home/ubuntu/data/orig_detected_face/Marisa_Tomei/face_0_Marisa_Tomei_0002.jpg;26
/home/ubuntu/data/orig_detected_face/Marisa_Tomei/face_0_Marisa_Tomei_0001.jpg;26
/home/ubuntu/data/orig_detected_face/John_Brady/face_0_John_Brady_0001.jpg;27
/home/ubuntu/data/orig_detected_face/John_Brady/face_0_John_Brady_0002.jpg;27
/home/ubuntu/data/orig_detected_face/Duane_Lee_Chapman/face_0_Duane_Lee_Chapman_0002.jpg;28
/home/ubuntu/data/orig_detected_face/Duane_Lee_Chapman/face_0_Duane_Lee_Chapman_0001.jpg;28
/home/ubuntu/data/orig_detected_face/Hisao_Oguchi/face_0_Hisao_Oguchi_0001.jpg;29
/home/ubuntu/data/orig_detected_face/Hisao_Oguchi/face_0_Hisao_Oguchi_0002.jpg;29
/home/ubuntu/data/orig_detected_face/Mario_Cipollini/face_0_Mario_Cipollini_0002.jpg;30
/home/ubuntu/data/orig_detected_face/Mario_Cipollini/face_0_Mario_Cipollini_0001.jpg;30
/home/ubuntu/data/orig_detected_face/Ishaq_Shahryar/face_0_Ishaq_Shahryar_0001.jpg;31
/home/ubuntu/data/orig_detected_face/Ishaq_Shahryar/face_0_Ishaq_Shahryar_0002.jpg;31
/home/ubuntu/data/orig_detected_face/Gloria_Allred/face_0_Gloria_Allred_0001.jpg;32
/home/ubuntu/data/orig_detected_face/Gloria_Allred/face_0_Gloria_Allred_0002.jpg;32
/home/ubuntu/data/orig_detected_face/Lindsey_Graham/face_0_Lindsey_Graham_0001.jpg;33
/home/ubuntu/data/orig_detected_face/Lindsey_Graham/face_0_Lindsey_Graham_0002.jpg;33
/home/ubuntu/data/orig_detected_face/Billy_Sollie/face_0_Billy_Sollie_0002.jpg;34
/home/ubuntu/data/orig_detected_face/Billy_Sollie/face_0_Billy_Sollie_0001.jpg;34
/home/ubuntu/data/orig_detected_face/Kurt_Busch/face_0_Kurt_Busch_0002.jpg;35
/home/ubuntu/data/orig_detected_face/Kurt_Busch/face_0_Kurt_Busch_0001.jpg;35
/home/ubuntu/data/orig_detected_face/Lili_Taylor/face_0_Lili_Taylor_0002.jpg;36
/home/ubuntu/data/orig_detected_face/Lili_Taylor/face_0_Lili_Taylor_0001.jpg;36
/home/ubuntu/data/orig_detected_face/David_Spade/face_0_David_Spade_0001.jpg;37
/home/ubuntu/data/orig_detected_face/David_Spade/face_0_David_Spade_0002.jpg;37
/home/ubuntu/data/orig_detected_face/Kenneth_Evans/face_0_Kenneth_Evans_0002.jpg;38
/home/ubuntu/data/orig_detected_face/Kenneth_Evans/face_0_Kenneth_Evans_0001.jpg;38
/home/ubuntu/data/orig_detected_face/Demetrius_Ferraciu/face_1_Demetrius_Ferraciu_0001.jpg;39
/home/ubuntu/data/orig_detected_face/Demetrius_Ferraciu/face_0_Demetrius_Ferraciu_0002.jpg;39
/home/ubuntu/data/orig_detected_face/Demetrius_Ferraciu/face_0_Demetrius_Ferraciu_0001.jpg;39
/home/ubuntu/data/orig_detected_face/Jorge_Valdano/face_0_Jorge_Valdano_0001.jpg;40
/home/ubuntu/data/orig_detected_face/Jorge_Valdano/face_0_Jorge_Valdano_0002.jpg;40
/home/ubuntu/data/orig_detected_face/Bob_Geldof/face_0_Bob_Geldof_0002.jpg;41
/home/ubuntu/data/orig_detected_face/Bob_Geldof/face_0_Bob_Geldof_0001.jpg;41
/home/ubuntu/data/orig_detected_face/Jorge_Castaneda/face_0_Jorge_Castaneda_0001.jpg;42
/home/ubuntu/data/orig_detected_face/Jorge_Castaneda/face_0_Jorge_Castaneda_0002.jpg;42
/home/ubuntu/data/orig_detected_face/Amanda_Beard/face_0_Amanda_Beard_0002.jpg;43
/home/ubuntu/data/orig_detected_face/Amanda_Beard/face_0_Amanda_Beard_0001.jpg;43
/home/ubuntu/data/orig_detected_face/Marilyn_Monroe/face_0_Marilyn_Monroe_0002.jpg;44
/home/ubuntu/data/orig_detected_face/Marilyn_Monroe/face_0_Marilyn_Monroe_0001.jpg;44
/home/ubuntu/data/orig_detected_face/Joe_Mantello/face_0_Joe_Mantello_0002.jpg;45
/home/ubuntu/data/orig_detected_face/Joe_Mantello/face_0_Joe_Mantello_0001.jpg;45
/home/ubuntu/data/orig_detected_face/Cristina_Saralegui/face_0_Cristina_Saralegui_0002.jpg;46
/home/ubuntu/data/orig_detected_face/Cristina_Saralegui/face_0_Cristina_Saralegui_0001.jpg;46
/home/ubuntu/data/orig_detected_face/Brendan_Hansen/face_0_Brendan_Hansen_0001.jpg;47
/home/ubuntu/data/orig_detected_face/Brendan_Hansen/face_0_Brendan_Hansen_0002.jpg;47
/home/ubuntu/data/orig_detected_face/Bijan_Namdar_Zangeneh/face_0_Bijan_Namdar_Zangeneh_0002.jpg;48
/home/ubuntu/data/orig_detected_face/Bijan_Namdar_Zangeneh/face_1_Bijan_Namdar_Zangeneh_0001.jpg;48
/home/ubuntu/data/orig_detected_face/Bijan_Namdar_Zangeneh/face_0_Bijan_Namdar_Zangeneh_0001.jpg;48
/home/ubuntu/data/orig_detected_face/Gerry_Parsky/face_1_Gerry_Parsky_0001.jpg;49
/home/ubuntu/data/orig_detected_face/Gerry_Parsky/non_face_0_Gerry_Parsky_0001.jpg;49
/home/ubuntu/data/orig_detected_face/Gerry_Parsky/face_0_Gerry_Parsky_0002.jpg;49
/home/ubuntu/data/orig_detected_face/Jay_Rasulo/face_0_Jay_Rasulo_0002.jpg;50
/home/ubuntu/data/orig_detected_face/Jay_Rasulo/face_0_Jay_Rasulo_0001.jpg;50
/home/ubuntu/data/orig_detected_face/Lionel_Richie/face_0_Lionel_Richie_0002.jpg;51
/home/ubuntu/data/orig_detected_face/Lionel_Richie/face_1_Lionel_Richie_0001.jpg;51
/home/ubuntu/data/orig_detected_face/Lionel_Richie/non_face_0_Lionel_Richie_0001.jpg;51
/home/ubuntu/data/orig_detected_face/Lauren_Hutton/face_0_Lauren_Hutton_0001.jpg;52
/home/ubuntu/data/orig_detected_face/Lauren_Hutton/face_0_Lauren_Hutton_0002.jpg;52
/home/ubuntu/data/orig_detected_face/Alexander_Rumyantsev/face_0_Alexander_Rumyantsev_0001.jpg;53
/home/ubuntu/data/orig_detected_face/Alexander_Rumyantsev/face_0_Alexander_Rumyantsev_0002.jpg;53
/home/ubuntu/data/orig_detected_face/Gregory_Hines/face_0_Gregory_Hines_0002.jpg;54
/home/ubuntu/data/orig_detected_face/Gregory_Hines/face_0_Gregory_Hines_0001.jpg;54
/home/ubuntu/data/orig_detected_face/Juergen_Peters/face_0_Juergen_Peters_0001.jpg;55
/home/ubuntu/data/orig_detected_face/Juergen_Peters/face_0_Juergen_Peters_0002.jpg;55
/home/ubuntu/data/orig_detected_face/Georgi_Parvanov/face_0_Georgi_Parvanov_0001.jpg;56
/home/ubuntu/data/orig_detected_face/Georgi_Parvanov/face_0_Georgi_Parvanov_0002.jpg;56
/home/ubuntu/data/orig_detected_face/Joseph_Blatter/face_0_Joseph_Blatter_0002.jpg;57
/home/ubuntu/data/orig_detected_face/Gabriel_Batistuta/face_0_Gabriel_Batistuta_0002.jpg;58
/home/ubuntu/data/orig_detected_face/Gabriel_Batistuta/face_0_Gabriel_Batistuta_0001.jpg;58
/home/ubuntu/data/orig_detected_face/Lech_Walesa/face_0_Lech_Walesa_0001.jpg;59
/home/ubuntu/data/orig_detected_face/Lech_Walesa/face_2_Lech_Walesa_0002.jpg;59
/home/ubuntu/data/orig_detected_face/Lech_Walesa/face_0_Lech_Walesa_0002.jpg;59
/home/ubuntu/data/orig_detected_face/Lech_Walesa/face_1_Lech_Walesa_0002.jpg;59
/home/ubuntu/data/orig_detected_face/Andrew_Cuomo/face_0_Andrew_Cuomo_0001.jpg;60
/home/ubuntu/data/orig_detected_face/Andrew_Cuomo/face_0_Andrew_Cuomo_0002.jpg;60
/home/ubuntu/data/orig_detected_face/Anthony_Hopkins/face_0_Anthony_Hopkins_0001.jpg;61
/home/ubuntu/data/orig_detected_face/Anthony_Hopkins/face_0_Anthony_Hopkins_0002.jpg;61
/home/ubuntu/data/orig_detected_face/Lee_Jun/face_0_Lee_Jun_0001.jpg;62
/home/ubuntu/data/orig_detected_face/Lee_Jun/face_0_Lee_Jun_0002.jpg;62
/home/ubuntu/data/orig_detected_face/Geno_Auriemma/face_0_Geno_Auriemma_0001.jpg;63
/home/ubuntu/data/orig_detected_face/Geno_Auriemma/face_0_Geno_Auriemma_0002.jpg;63
/home/ubuntu/data/orig_detected_face/Leslie_Ann_Woodward/face_0_Leslie_Ann_Woodward_0002.jpg;64
/home/ubuntu/data/orig_detected_face/Leslie_Ann_Woodward/face_0_Leslie_Ann_Woodward_0001.jpg;64
/home/ubuntu/data/orig_detected_face/Jim_Harrick/face_0_Jim_Harrick_0002.jpg;65
/home/ubuntu/data/orig_detected_face/Jim_Harrick/face_0_Jim_Harrick_0001.jpg;65
/home/ubuntu/data/orig_detected_face/Edward_Norton/face_0_Edward_Norton_0001.jpg;66
/home/ubuntu/data/orig_detected_face/Edward_Norton/face_0_Edward_Norton_0002.jpg;66
/home/ubuntu/data/orig_detected_face/Billy_Graham/face_0_Billy_Graham_0001.jpg;67
/home/ubuntu/data/orig_detected_face/Billy_Graham/face_0_Billy_Graham_0002.jpg;67
/home/ubuntu/data/orig_detected_face/Harry_Kalas/face_0_Harry_Kalas_0001.jpg;68
/home/ubuntu/data/orig_detected_face/Harry_Kalas/face_0_Harry_Kalas_0002.jpg;68
/home/ubuntu/data/orig_detected_face/Daryl_Hannah/face_0_Daryl_Hannah_0001.jpg;69
/home/ubuntu/data/orig_detected_face/Daryl_Hannah/face_0_Daryl_Hannah_0002.jpg;69
/home/ubuntu/data/orig_detected_face/Gary_Williams/face_0_Gary_Williams_0001.jpg;70
/home/ubuntu/data/orig_detected_face/Gary_Williams/face_0_Gary_Williams_0002.jpg;70
/home/ubuntu/data/orig_detected_face/Hayley_Tullett/face_0_Hayley_Tullett_0002.jpg;71
/home/ubuntu/data/orig_detected_face/Hayley_Tullett/face_0_Hayley_Tullett_0001.jpg;71
/home/ubuntu/data/orig_detected_face/Larry_Johnson/face_0_Larry_Johnson_0001.jpg;72
/home/ubuntu/data/orig_detected_face/Larry_Johnson/face_0_Larry_Johnson_0002.jpg;72
/home/ubuntu/data/orig_detected_face/John_Wolf/face_0_John_Wolf_0001.jpg;73
/home/ubuntu/data/orig_detected_face/John_Wolf/face_0_John_Wolf_0002.jpg;73
/home/ubuntu/data/orig_detected_face/Mark_Cuban/face_0_Mark_Cuban_0001.jpg;74
/home/ubuntu/data/orig_detected_face/Mark_Cuban/face_0_Mark_Cuban_0002.jpg;74
/home/ubuntu/data/orig_detected_face/Juan_Valencia_Osorio/face_0_Juan_Valencia_Osorio_0002.jpg;75
/home/ubuntu/data/orig_detected_face/Juan_Valencia_Osorio/face_0_Juan_Valencia_Osorio_0001.jpg;75
/home/ubuntu/data/orig_detected_face/Ellen_DeGeneres/face_0_Ellen_DeGeneres_0001.jpg;76
/home/ubuntu/data/orig_detected_face/Ellen_DeGeneres/face_0_Ellen_DeGeneres_0002.jpg;76
/home/ubuntu/data/orig_detected_face/Joe_Gatti/face_0_Joe_Gatti_0002.jpg;77
/home/ubuntu/data/orig_detected_face/Joe_Gatti/face_0_Joe_Gatti_0001.jpg;77
/home/ubuntu/data/orig_detected_face/Ben_Glisan/face_0_Ben_Glisan_0002.jpg;78
/home/ubuntu/data/orig_detected_face/Ben_Glisan/face_0_Ben_Glisan_0001.jpg;78
/home/ubuntu/data/orig_detected_face/Jean-Claude_Juncker/face_0_Jean-Claude_Juncker_0001.jpg;79
/home/ubuntu/data/orig_detected_face/Jean-Claude_Juncker/face_0_Jean-Claude_Juncker_0002.jpg;79
/home/ubuntu/data/orig_detected_face/Alice_Fisher/face_0_Alice_Fisher_0002.jpg;80
/home/ubuntu/data/orig_detected_face/Alice_Fisher/face_0_Alice_Fisher_0001.jpg;80
/home/ubuntu/data/orig_detected_face/Bobby_Robson/face_0_Bobby_Robson_0002.jpg;81
/home/ubuntu/data/orig_detected_face/Bobby_Robson/face_0_Bobby_Robson_0001.jpg;81
/home/ubuntu/data/orig_detected_face/Lisa_Raymond/face_0_Lisa_Raymond_0001.jpg;82
/home/ubuntu/data/orig_detected_face/Jia_Qinglin/face_0_Jia_Qinglin_0001.jpg;83
/home/ubuntu/data/orig_detected_face/Jia_Qinglin/face_0_Jia_Qinglin_0002.jpg;83
/home/ubuntu/data/orig_detected_face/Chris_Rock/face_0_Chris_Rock_0002.jpg;84
/home/ubuntu/data/orig_detected_face/Chris_Rock/face_0_Chris_Rock_0001.jpg;84
/home/ubuntu/data/orig_detected_face/Kieran_Prendergast/face_0_Kieran_Prendergast_0001.jpg;85
/home/ubuntu/data/orig_detected_face/Kieran_Prendergast/face_0_Kieran_Prendergast_0002.jpg;85
/home/ubuntu/data/orig_detected_face/John_Cusack/face_0_John_Cusack_0002.jpg;86
/home/ubuntu/data/orig_detected_face/John_Cusack/face_0_John_Cusack_0001.jpg;86
/home/ubuntu/data/orig_detected_face/Dominik_Garcia-Lorido/face_0_Dominik_Garcia-Lorido_0002.jpg;87
/home/ubuntu/data/orig_detected_face/Laurent_Jalabert/face_0_Laurent_Jalabert_0002.jpg;88
/home/ubuntu/data/orig_detected_face/Laurent_Jalabert/face_0_Laurent_Jalabert_0001.jpg;88
/home/ubuntu/data/orig_detected_face/Arsinee_Khanjian/face_0_Arsinee_Khanjian_0002.jpg;89
/home/ubuntu/data/orig_detected_face/Arsinee_Khanjian/face_0_Arsinee_Khanjian_0001.jpg;89
/home/ubuntu/data/orig_detected_face/Blythe_Hartley/face_0_Blythe_Hartley_0002.jpg;90
/home/ubuntu/data/orig_detected_face/Blythe_Hartley/face_0_Blythe_Hartley_0001.jpg;90
/home/ubuntu/data/orig_detected_face/Kurt_Russell/face_0_Kurt_Russell_0001.jpg;91
/home/ubuntu/data/orig_detected_face/Kurt_Russell/face_0_Kurt_Russell_0002.jpg;91
/home/ubuntu/data/orig_detected_face/James_Franco/non_face_0_James_Franco_0002.jpg;92
/home/ubuntu/data/orig_detected_face/James_Franco/face_1_James_Franco_0002.jpg;92
/home/ubuntu/data/orig_detected_face/James_Franco/face_1_James_Franco_0001.jpg;92
/home/ubuntu/data/orig_detected_face/James_Franco/non_face_0_James_Franco_0001.jpg;92
/home/ubuntu/data/orig_detected_face/Jude_Law/face_0_Jude_Law_0001.jpg;93
/home/ubuntu/data/orig_detected_face/Jude_Law/face_0_Jude_Law_0002.jpg;93
/home/ubuntu/data/orig_detected_face/Brian_Mulroney/face_0_Brian_Mulroney_0002.jpg;94
/home/ubuntu/data/orig_detected_face/Brian_Mulroney/face_0_Brian_Mulroney_0001.jpg;94
/home/ubuntu/data/orig_detected_face/Cyndi_Thompson/face_0_Cyndi_Thompson_0002.jpg;95
/home/ubuntu/data/orig_detected_face/Cyndi_Thompson/face_0_Cyndi_Thompson_0001.jpg;95
/home/ubuntu/data/orig_detected_face/Jessica_Alba/face_0_Jessica_Alba_0002.jpg;96
/home/ubuntu/data/orig_detected_face/Jessica_Alba/face_0_Jessica_Alba_0001.jpg;96
/home/ubuntu/data/orig_detected_face/Garry_Kasparov/face_0_Garry_Kasparov_0002.jpg;97
/home/ubuntu/data/orig_detected_face/Garry_Kasparov/face_0_Garry_Kasparov_0001.jpg;97
/home/ubuntu/data/orig_detected_face/Guy_Hemmings/face_0_Guy_Hemmings_0002.jpg;98
/home/ubuntu/data/orig_detected_face/Guy_Hemmings/face_0_Guy_Hemmings_0001.jpg;98
/home/ubuntu/data/orig_detected_face/Lisa_Ling/face_0_Lisa_Ling_0001.jpg;99
/home/ubuntu/data/orig_detected_face/Lisa_Ling/non_face_0_Lisa_Ling_0002.jpg;99
/home/ubuntu/data/orig_detected_face/Lisa_Ling/face_1_Lisa_Ling_0002.jpg;99
/home/ubuntu/data/orig_detected_face/Camilla_Parker_Bowles/face_0_Camilla_Parker_Bowles_0002.jpg;100
/home/ubuntu/data/orig_detected_face/Camilla_Parker_Bowles/face_0_Camilla_Parker_Bowles_0001.jpg;100
/home/ubuntu/data/orig_detected_face/Christian_Wulff/face_0_Christian_Wulff_0001.jpg;101
/home/ubuntu/data/orig_detected_face/Christian_Wulff/face_0_Christian_Wulff_0002.jpg;101
/home/ubuntu/data/orig_detected_face/Hootie_Johnson/face_0_Hootie_Johnson_0002.jpg;102
/home/ubuntu/data/orig_detected_face/Bernard_Lord/face_0_Bernard_Lord_0002.jpg;103
/home/ubuntu/data/orig_detected_face/Bernard_Lord/face_0_Bernard_Lord_0001.jpg;103
/home/ubuntu/data/orig_detected_face/Darrell_Issa/face_0_Darrell_Issa_0002.jpg;104
/home/ubuntu/data/orig_detected_face/Darrell_Issa/face_0_Darrell_Issa_0001.jpg;104
/home/ubuntu/data/orig_detected_face/Kifah_Ajouri/face_2_Kifah_Ajouri_0002.jpg;105
/home/ubuntu/data/orig_detected_face/Kifah_Ajouri/face_0_Kifah_Ajouri_0001.jpg;105
/home/ubuntu/data/orig_detected_face/Kifah_Ajouri/non_face_1_Kifah_Ajouri_0002.jpg;105
/home/ubuntu/data/orig_detected_face/Kifah_Ajouri/face_0_Kifah_Ajouri_0002.jpg;105
/home/ubuntu/data/orig_detected_face/Gary_Locke/face_0_Gary_Locke_0001.jpg;106
/home/ubuntu/data/orig_detected_face/Gary_Locke/face_0_Gary_Locke_0002.jpg;106
/home/ubuntu/data/orig_detected_face/Frank_Dunham_Jr/face_0_Frank_Dunham_Jr_0002.jpg;107
/home/ubuntu/data/orig_detected_face/Frank_Dunham_Jr/non_face_0_Frank_Dunham_Jr_0001.jpg;107
/home/ubuntu/data/orig_detected_face/Frank_Dunham_Jr/face_1_Frank_Dunham_Jr_0001.jpg;107
/home/ubuntu/data/orig_detected_face/James_Morris/face_0_James_Morris_0002.jpg;108
/home/ubuntu/data/orig_detected_face/James_Morris/face_0_James_Morris_0001.jpg;108
/home/ubuntu/data/orig_detected_face/Jeffrey_Scott_Postell/face_0_Jeffrey_Scott_Postell_0002.jpg;109
/home/ubuntu/data/orig_detected_face/Jeffrey_Scott_Postell/face_0_Jeffrey_Scott_Postell_0001.jpg;109
/home/ubuntu/data/orig_detected_face/Mark_Schweiker/face_0_Mark_Schweiker_0001.jpg;110
/home/ubuntu/data/orig_detected_face/Mark_Schweiker/face_0_Mark_Schweiker_0002.jpg;110
/home/ubuntu/data/orig_detected_face/Elisabeth_Schumacher/face_0_Elisabeth_Schumacher_0001.jpg;111
/home/ubuntu/data/orig_detected_face/Elisabeth_Schumacher/face_0_Elisabeth_Schumacher_0002.jpg;111
/home/ubuntu/data/orig_detected_face/Gerard_Depardieu/face_0_Gerard_Depardieu_0001.jpg;112
/home/ubuntu/data/orig_detected_face/Gerard_Depardieu/face_0_Gerard_Depardieu_0002.jpg;112
/home/ubuntu/data/orig_detected_face/Gerard_Depardieu/face_1_Gerard_Depardieu_0002.jpg;112
/home/ubuntu/data/orig_detected_face/Adam_Scott/face_0_Adam_Scott_0001.jpg;113
/home/ubuntu/data/orig_detected_face/Adam_Scott/face_0_Adam_Scott_0002.jpg;113
/home/ubuntu/data/orig_detected_face/Art_Hoffmann/face_0_Art_Hoffmann_0002.jpg;114
/home/ubuntu/data/orig_detected_face/Art_Hoffmann/face_0_Art_Hoffmann_0001.jpg;114
/home/ubuntu/data/orig_detected_face/Frank_Stallone/face_0_Frank_Stallone_0002.jpg;115
/home/ubuntu/data/orig_detected_face/Frank_Stallone/face_0_Frank_Stallone_0001.jpg;115
/home/ubuntu/data/orig_detected_face/Lyle_Vanclief/face_0_Lyle_Vanclief_0002.jpg;116
/home/ubuntu/data/orig_detected_face/Lyle_Vanclief/face_0_Lyle_Vanclief_0001.jpg;116
/home/ubuntu/data/orig_detected_face/Kathy_Winters/face_0_Kathy_Winters_0002.jpg;117
/home/ubuntu/data/orig_detected_face/Kathy_Winters/face_0_Kathy_Winters_0001.jpg;117
/home/ubuntu/data/orig_detected_face/Lawrence_MacAulay/face_0_Lawrence_MacAulay_0002.jpg;118
/home/ubuntu/data/orig_detected_face/Lawrence_MacAulay/face_0_Lawrence_MacAulay_0001.jpg;118
/home/ubuntu/data/orig_detected_face/Adrian_McPherson/face_0_Adrian_McPherson_0001.jpg;119
/home/ubuntu/data/orig_detected_face/Adrian_McPherson/face_0_Adrian_McPherson_0002.jpg;119
/home/ubuntu/data/orig_detected_face/Donna_Shalala/face_0_Donna_Shalala_0001.jpg;120
/home/ubuntu/data/orig_detected_face/Donna_Shalala/face_0_Donna_Shalala_0002.jpg;120
/home/ubuntu/data/orig_detected_face/John_Stallworth/face_0_John_Stallworth_0002.jpg;121
/home/ubuntu/data/orig_detected_face/John_Stallworth/face_0_John_Stallworth_0001.jpg;121
/home/ubuntu/data/orig_detected_face/LeAnn_Rimes/face_0_LeAnn_Rimes_0002.jpg;122
/home/ubuntu/data/orig_detected_face/LeAnn_Rimes/face_0_LeAnn_Rimes_0001.jpg;122
/home/ubuntu/data/orig_detected_face/Gisele_Bundchen/face_0_Gisele_Bundchen_0001.jpg;123
/home/ubuntu/data/orig_detected_face/Gisele_Bundchen/face_0_Gisele_Bundchen_0002.jpg;123
/home/ubuntu/data/orig_detected_face/Anna_Nicole_Smith/face_0_Anna_Nicole_Smith_0001.jpg;124
/home/ubuntu/data/orig_detected_face/Anna_Nicole_Smith/face_0_Anna_Nicole_Smith_0002.jpg;124
/home/ubuntu/data/orig_detected_face/Jo_Dee_Messina/face_0_Jo_Dee_Messina_0002.jpg;125
/home/ubuntu/data/orig_detected_face/Jo_Dee_Messina/face_0_Jo_Dee_Messina_0001.jpg;125
/home/ubuntu/data/orig_detected_face/Emily_Robison/face_0_Emily_Robison_0001.jpg;126
/home/ubuntu/data/orig_detected_face/Emily_Robison/face_0_Emily_Robison_0002.jpg;126
/home/ubuntu/data/orig_detected_face/Jennifer_Thompson/face_0_Jennifer_Thompson_0001.jpg;127
/home/ubuntu/data/orig_detected_face/Jennifer_Thompson/face_0_Jennifer_Thompson_0002.jpg;127
/home/ubuntu/data/orig_detected_face/George_P_Bush/face_0_George_P_Bush_0001.jpg;128
/home/ubuntu/data/orig_detected_face/George_P_Bush/face_0_George_P_Bush_0002.jpg;128
/home/ubuntu/data/orig_detected_face/Aung_San_Suu_Kyi/face_0_Aung_San_Suu_Kyi_0002.jpg;129
/home/ubuntu/data/orig_detected_face/Aung_San_Suu_Kyi/face_0_Aung_San_Suu_Kyi_0001.jpg;129
/home/ubuntu/data/orig_detected_face/Harbhajan_Singh/face_0_Harbhajan_Singh_0001.jpg;130
/home/ubuntu/data/orig_detected_face/Harbhajan_Singh/face_0_Harbhajan_Singh_0002.jpg;130
/home/ubuntu/data/orig_detected_face/Iva_Majoli/face_0_Iva_Majoli_0002.jpg;131
/home/ubuntu/data/orig_detected_face/Iva_Majoli/face_0_Iva_Majoli_0001.jpg;131
/home/ubuntu/data/orig_detected_face/Beth_Jones/face_0_Beth_Jones_0001.jpg;132
/home/ubuntu/data/orig_detected_face/Beth_Jones/face_0_Beth_Jones_0002.jpg;132
/home/ubuntu/data/orig_detected_face/Guy_Ritchie/face_0_Guy_Ritchie_0002.jpg;133
/home/ubuntu/data/orig_detected_face/Abdel_Nasser_Assidi/face_2_Abdel_Nasser_Assidi_0001.jpg;134
/home/ubuntu/data/orig_detected_face/Abdel_Nasser_Assidi/face_0_Abdel_Nasser_Assidi_0001.jpg;134
/home/ubuntu/data/orig_detected_face/Abdel_Nasser_Assidi/face_0_Abdel_Nasser_Assidi_0002.jpg;134
/home/ubuntu/data/orig_detected_face/Abdel_Nasser_Assidi/face_1_Abdel_Nasser_Assidi_0001.jpg;134
/home/ubuntu/data/orig_detected_face/Latrell_Sprewell/face_0_Latrell_Sprewell_0001.jpg;135
/home/ubuntu/data/orig_detected_face/Latrell_Sprewell/face_0_Latrell_Sprewell_0002.jpg;135
/home/ubuntu/data/orig_detected_face/Len_Jenoff/face_0_Len_Jenoff_0002.jpg;136
/home/ubuntu/data/orig_detected_face/Len_Jenoff/face_0_Len_Jenoff_0001.jpg;136
/home/ubuntu/data/orig_detected_face/Jane_Kaczmarek/face_0_Jane_Kaczmarek_0002.jpg;137
/home/ubuntu/data/orig_detected_face/Jane_Kaczmarek/face_0_Jane_Kaczmarek_0001.jpg;137
/home/ubuntu/data/orig_detected_face/Alex_Barros/face_0_Alex_Barros_0002.jpg;138
/home/ubuntu/data/orig_detected_face/Alex_Barros/face_0_Alex_Barros_0001.jpg;138
/home/ubuntu/data/orig_detected_face/Ismail_Merchant/face_0_Ismail_Merchant_0001.jpg;139
/home/ubuntu/data/orig_detected_face/Ismail_Merchant/face_0_Ismail_Merchant_0002.jpg;139
/home/ubuntu/data/orig_detected_face/Jason_Jennings/face_0_Jason_Jennings_0001.jpg;140
/home/ubuntu/data/orig_detected_face/Jason_Jennings/face_0_Jason_Jennings_0002.jpg;140
/home/ubuntu/data/orig_detected_face/Mark_Dacey/face_0_Mark_Dacey_0002.jpg;141
/home/ubuntu/data/orig_detected_face/Mark_Dacey/face_0_Mark_Dacey_0001.jpg;141
/home/ubuntu/data/orig_detected_face/Jean-Marc_de_La_Sabliere/face_0_Jean-Marc_de_La_Sabliere_0002.jpg;142
/home/ubuntu/data/orig_detected_face/Jean-Marc_de_La_Sabliere/face_0_Jean-Marc_de_La_Sabliere_0001.jpg;142
/home/ubuntu/data/orig_detected_face/Joan_Claybrook/face_0_Joan_Claybrook_0001.jpg;143
/home/ubuntu/data/orig_detected_face/Joan_Claybrook/face_0_Joan_Claybrook_0002.jpg;143
/home/ubuntu/data/orig_detected_face/George_Foreman/face_0_George_Foreman_0002.jpg;144
/home/ubuntu/data/orig_detected_face/George_Foreman/face_0_George_Foreman_0001.jpg;144
/home/ubuntu/data/orig_detected_face/Johnny_Carson/face_0_Johnny_Carson_0002.jpg;145
/home/ubuntu/data/orig_detected_face/Johnny_Carson/face_0_Johnny_Carson_0001.jpg;145
/home/ubuntu/data/orig_detected_face/Jeremy_Shockey/face_0_Jeremy_Shockey_0001.jpg;146
/home/ubuntu/data/orig_detected_face/Jeremy_Shockey/face_0_Jeremy_Shockey_0002.jpg;146
/home/ubuntu/data/orig_detected_face/Mark_Geragos/face_0_Mark_Geragos_0002.jpg;147
/home/ubuntu/data/orig_detected_face/Mark_Geragos/face_1_Mark_Geragos_0001.jpg;147
/home/ubuntu/data/orig_detected_face/Mark_Geragos/face_0_Mark_Geragos_0001.jpg;147
/home/ubuntu/data/orig_detected_face/Jefferson_Perez/face_0_Jefferson_Perez_0002.jpg;148
/home/ubuntu/data/orig_detected_face/Jefferson_Perez/face_0_Jefferson_Perez_0001.jpg;148
/home/ubuntu/data/orig_detected_face/Dick_Latessa/face_0_Dick_Latessa_0002.jpg;149
/home/ubuntu/data/orig_detected_face/Dick_Latessa/face_0_Dick_Latessa_0001.jpg;149
/home/ubuntu/data/orig_detected_face/Bill_Nelson/face_0_Bill_Nelson_0001.jpg;150
/home/ubuntu/data/orig_detected_face/Bill_Nelson/face_0_Bill_Nelson_0002.jpg;150
/home/ubuntu/data/orig_detected_face/David_Bell/face_0_David_Bell_0001.jpg;151
/home/ubuntu/data/orig_detected_face/David_Bell/face_0_David_Bell_0002.jpg;151
/home/ubuntu/data/orig_detected_face/David_Bell/face_1_David_Bell_0001.jpg;151
/home/ubuntu/data/orig_detected_face/Alex_Penelas/face_0_Alex_Penelas_0001.jpg;152
/home/ubuntu/data/orig_detected_face/Alex_Penelas/face_0_Alex_Penelas_0002.jpg;152
/home/ubuntu/data/orig_detected_face/Carlos_Quintanilla_Schmidt/face_0_Carlos_Quintanilla_Schmidt_0001.jpg;153
/home/ubuntu/data/orig_detected_face/Carlos_Quintanilla_Schmidt/face_0_Carlos_Quintanilla_Schmidt_0002.jpg;153
/home/ubuntu/data/orig_detected_face/Jesse_James_Leija/face_0_Jesse_James_Leija_0001.jpg;154
/home/ubuntu/data/orig_detected_face/Jesse_James_Leija/face_0_Jesse_James_Leija_0002.jpg;154
/home/ubuntu/data/orig_detected_face/James_Jones/face_0_James_Jones_0001.jpg;155
/home/ubuntu/data/orig_detected_face/James_Jones/face_0_James_Jones_0002.jpg;155
/home/ubuntu/data/orig_detected_face/Margaret_Thatcher/face_0_Margaret_Thatcher_0002.jpg;156
/home/ubuntu/data/orig_detected_face/Margaret_Thatcher/face_0_Margaret_Thatcher_0001.jpg;156
/home/ubuntu/data/orig_detected_face/Iban_Mayo/face_0_Iban_Mayo_0002.jpg;157
/home/ubuntu/data/orig_detected_face/Iban_Mayo/face_0_Iban_Mayo_0001.jpg;157
/home/ubuntu/data/orig_detected_face/Dennis_Powell/face_0_Dennis_Powell_0002.jpg;158
/home/ubuntu/data/orig_detected_face/Dennis_Powell/face_0_Dennis_Powell_0001.jpg;158
/home/ubuntu/data/orig_detected_face/Erika_Christensen/face_0_Erika_Christensen_0001.jpg;159
/home/ubuntu/data/orig_detected_face/Erika_Christensen/face_0_Erika_Christensen_0002.jpg;159
/home/ubuntu/data/orig_detected_face/Dwayne_Johnson/face_0_Dwayne_Johnson_0001.jpg;160
/home/ubuntu/data/orig_detected_face/Dwayne_Johnson/face_0_Dwayne_Johnson_0002.jpg;160
/home/ubuntu/data/orig_detected_face/Debra_Brown/face_0_Debra_Brown_0001.jpg;161
/home/ubuntu/data/orig_detected_face/Debra_Brown/face_0_Debra_Brown_0002.jpg;161
/home/ubuntu/data/orig_detected_face/Edward_Said/face_0_Edward_Said_0001.jpg;162
/home/ubuntu/data/orig_detected_face/Edward_Said/face_0_Edward_Said_0002.jpg;162
/home/ubuntu/data/orig_detected_face/James_Smith/face_0_James_Smith_0001.jpg;163
/home/ubuntu/data/orig_detected_face/James_Smith/face_0_James_Smith_0002.jpg;163
/home/ubuntu/data/orig_detected_face/Mario_Kreutzberger/face_0_Mario_Kreutzberger_0002.jpg;164
/home/ubuntu/data/orig_detected_face/Mario_Kreutzberger/face_0_Mario_Kreutzberger_0001.jpg;164
/home/ubuntu/data/orig_detected_face/Francis_Mer/face_0_Francis_Mer_0002.jpg;165
/home/ubuntu/data/orig_detected_face/Francis_Mer/face_0_Francis_Mer_0001.jpg;165
/home/ubuntu/data/orig_detected_face/Hassan_Nasrallah/face_0_Hassan_Nasrallah_0002.jpg;166
/home/ubuntu/data/orig_detected_face/Hassan_Nasrallah/face_0_Hassan_Nasrallah_0001.jpg;166
/home/ubuntu/data/orig_detected_face/Julio_Iglesias_Jr/face_0_Julio_Iglesias_Jr_0002.jpg;167
/home/ubuntu/data/orig_detected_face/Julio_Iglesias_Jr/face_0_Julio_Iglesias_Jr_0001.jpg;167
/home/ubuntu/data/orig_detected_face/Mario_Dumont/face_0_Mario_Dumont_0002.jpg;168
/home/ubuntu/data/orig_detected_face/Mario_Dumont/face_1_Mario_Dumont_0001.jpg;168
/home/ubuntu/data/orig_detected_face/Mario_Dumont/face_0_Mario_Dumont_0001.jpg;168
/home/ubuntu/data/orig_detected_face/Aitor_Gonzalez/face_0_Aitor_Gonzalez_0001.jpg;169
/home/ubuntu/data/orig_detected_face/Aitor_Gonzalez/face_0_Aitor_Gonzalez_0002.jpg;169
/home/ubuntu/data/orig_detected_face/Diane_Green/face_0_Diane_Green_0001.jpg;170
/home/ubuntu/data/orig_detected_face/Diane_Green/face_0_Diane_Green_0002.jpg;170
/home/ubuntu/data/orig_detected_face/Dolly_Parton/face_0_Dolly_Parton_0001.jpg;171
/home/ubuntu/data/orig_detected_face/Dolly_Parton/face_0_Dolly_Parton_0002.jpg;171
/home/ubuntu/data/orig_detected_face/Judi_Dench/face_0_Judi_Dench_0001.jpg;172
/home/ubuntu/data/orig_detected_face/Judi_Dench/face_0_Judi_Dench_0002.jpg;172
/home/ubuntu/data/orig_detected_face/Larry_Bowa/face_0_Larry_Bowa_0001.jpg;173
/home/ubuntu/data/orig_detected_face/Larry_Bowa/face_0_Larry_Bowa_0002.jpg;173
/home/ubuntu/data/orig_detected_face/David_Myers/face_0_David_Myers_0001.jpg;174
/home/ubuntu/data/orig_detected_face/David_Myers/face_0_David_Myers_0002.jpg;174
/home/ubuntu/data/orig_detected_face/Isabelle_Huppert/face_0_Isabelle_Huppert_0001.jpg;175
/home/ubuntu/data/orig_detected_face/Isabelle_Huppert/face_0_Isabelle_Huppert_0002.jpg;175
/home/ubuntu/data/orig_detected_face/Lord_Hutton/face_0_Lord_Hutton_0001.jpg;176
/home/ubuntu/data/orig_detected_face/Lord_Hutton/face_0_Lord_Hutton_0002.jpg;176
/home/ubuntu/data/orig_detected_face/Lina_Krasnoroutskaya/face_0_Lina_Krasnoroutskaya_0002.jpg;177
/home/ubuntu/data/orig_detected_face/Lina_Krasnoroutskaya/face_0_Lina_Krasnoroutskaya_0001.jpg;177
/home/ubuntu/data/orig_detected_face/John_Rowland/face_0_John_Rowland_0001.jpg;178
/home/ubuntu/data/orig_detected_face/John_Rowland/face_0_John_Rowland_0002.jpg;178
/home/ubuntu/data/orig_detected_face/George_Roy_Hill/face_0_George_Roy_Hill_0001.jpg;179
/home/ubuntu/data/orig_detected_face/George_Roy_Hill/face_0_George_Roy_Hill_0002.jpg;179
/home/ubuntu/data/orig_detected_face/Colin_Jackson/face_0_Colin_Jackson_0001.jpg;180
/home/ubuntu/data/orig_detected_face/Colin_Jackson/face_0_Colin_Jackson_0002.jpg;180
/home/ubuntu/data/orig_detected_face/Adolfo_Rodriguez_Saa/face_0_Adolfo_Rodriguez_Saa_0002.jpg;181
/home/ubuntu/data/orig_detected_face/Adolfo_Rodriguez_Saa/face_0_Adolfo_Rodriguez_Saa_0001.jpg;181
/home/ubuntu/data/orig_detected_face/Barbara_Brezigar/face_0_Barbara_Brezigar_0001.jpg;182
/home/ubuntu/data/orig_detected_face/Barbara_Brezigar/face_0_Barbara_Brezigar_0002.jpg;182
/home/ubuntu/data/orig_detected_face/Jason_Alexander/face_0_Jason_Alexander_0002.jpg;183
/home/ubuntu/data/orig_detected_face/Jason_Alexander/face_0_Jason_Alexander_0001.jpg;183
/home/ubuntu/data/orig_detected_face/David_Wolf/face_0_David_Wolf_0002.jpg;184
/home/ubuntu/data/orig_detected_face/David_Wolf/face_0_David_Wolf_0001.jpg;184
/home/ubuntu/data/orig_detected_face/Leon_LaPorte/face_0_Leon_LaPorte_0001.jpg;185
/home/ubuntu/data/orig_detected_face/Leon_LaPorte/face_0_Leon_LaPorte_0002.jpg;185
/home/ubuntu/data/orig_detected_face/Lon_Kruger/face_0_Lon_Kruger_0002.jpg;186
/home/ubuntu/data/orig_detected_face/Lon_Kruger/face_0_Lon_Kruger_0001.jpg;186
/home/ubuntu/data/orig_detected_face/Dexter_Jackson/face_0_Dexter_Jackson_0002.jpg;187
/home/ubuntu/data/orig_detected_face/Dexter_Jackson/face_0_Dexter_Jackson_0001.jpg;187
/home/ubuntu/data/orig_detected_face/Alimzhan_Tokhtakhounov/face_0_Alimzhan_Tokhtakhounov_0001.jpg;188
/home/ubuntu/data/orig_detected_face/Alimzhan_Tokhtakhounov/face_0_Alimzhan_Tokhtakhounov_0002.jpg;188
/home/ubuntu/data/orig_detected_face/John_Jumper/face_0_John_Jumper_0001.jpg;189
/home/ubuntu/data/orig_detected_face/John_Jumper/face_0_John_Jumper_0002.jpg;189
/home/ubuntu/data/orig_detected_face/Lauren_Killian/face_0_Lauren_Killian_0001.jpg;190
/home/ubuntu/data/orig_detected_face/Lauren_Killian/face_0_Lauren_Killian_0002.jpg;190
/home/ubuntu/data/orig_detected_face/Anwar_Ibrahim/face_0_Anwar_Ibrahim_0001.jpg;191
/home/ubuntu/data/orig_detected_face/Anwar_Ibrahim/face_0_Anwar_Ibrahim_0002.jpg;191
/home/ubuntu/data/orig_detected_face/Bernardo_Segura/face_0_Bernardo_Segura_0001.jpg;192
/home/ubuntu/data/orig_detected_face/Bernardo_Segura/face_0_Bernardo_Segura_0002.jpg;192
/home/ubuntu/data/orig_detected_face/Brian_Cowen/face_0_Brian_Cowen_0001.jpg;193
/home/ubuntu/data/orig_detected_face/Brian_Cowen/face_0_Brian_Cowen_0002.jpg;193
/home/ubuntu/data/orig_detected_face/John_McCallum/face_0_John_McCallum_0001.jpg;194
/home/ubuntu/data/orig_detected_face/John_McCallum/face_0_John_McCallum_0002.jpg;194
/home/ubuntu/data/orig_detected_face/Franco_Dragone/face_0_Franco_Dragone_0001.jpg;195
/home/ubuntu/data/orig_detected_face/Franco_Dragone/face_0_Franco_Dragone_0002.jpg;195
/home/ubuntu/data/orig_detected_face/George_Karl/face_0_George_Karl_0002.jpg;196
/home/ubuntu/data/orig_detected_face/George_Karl/face_0_George_Karl_0001.jpg;196
/home/ubuntu/data/orig_detected_face/Bo_Ryan/face_0_Bo_Ryan_0001.jpg;197
/home/ubuntu/data/orig_detected_face/Bo_Ryan/face_0_Bo_Ryan_0002.jpg;197
/home/ubuntu/data/orig_detected_face/Dick_Vermeil/face_0_Dick_Vermeil_0002.jpg;198
/home/ubuntu/data/orig_detected_face/Dick_Vermeil/face_0_Dick_Vermeil_0001.jpg;198
/home/ubuntu/data/orig_detected_face/Frank_Lautenberg/face_0_Frank_Lautenberg_0001.jpg;199
/home/ubuntu/data/orig_detected_face/Frank_Lautenberg/face_0_Frank_Lautenberg_0002.jpg;199
/home/ubuntu/data/orig_detected_face/Emile_Lahoud/face_0_Emile_Lahoud_0002.jpg;200
/home/ubuntu/data/orig_detected_face/Alan_Ball/face_0_Alan_Ball_0001.jpg;201
/home/ubuntu/data/orig_detected_face/Alan_Ball/face_0_Alan_Ball_0002.jpg;201
/home/ubuntu/data/orig_detected_face/Ibrahim_Jaafari/face_0_Ibrahim_Jaafari_0002.jpg;202
/home/ubuntu/data/orig_detected_face/Ibrahim_Jaafari/face_0_Ibrahim_Jaafari_0001.jpg;202
/home/ubuntu/data/orig_detected_face/Justin_Gatlin/face_0_Justin_Gatlin_0002.jpg;203
/home/ubuntu/data/orig_detected_face/Justin_Gatlin/face_0_Justin_Gatlin_0001.jpg;203
/home/ubuntu/data/orig_detected_face/Jeanne_Moreau/face_0_Jeanne_Moreau_0002.jpg;204
/home/ubuntu/data/orig_detected_face/Jeanne_Moreau/face_1_Jeanne_Moreau_0001.jpg;204
/home/ubuntu/data/orig_detected_face/Jeanne_Moreau/face_0_Jeanne_Moreau_0001.jpg;204
/home/ubuntu/data/orig_detected_face/Kathleen_Glynn/face_0_Kathleen_Glynn_0001.jpg;205
/home/ubuntu/data/orig_detected_face/Kathleen_Glynn/face_0_Kathleen_Glynn_0002.jpg;205
/home/ubuntu/data/orig_detected_face/Augusto_Pinochet/face_0_Augusto_Pinochet_0001.jpg;206
/home/ubuntu/data/orig_detected_face/Augusto_Pinochet/face_0_Augusto_Pinochet_0002.jpg;206
/home/ubuntu/data/orig_detected_face/James_Ivory/face_0_James_Ivory_0002.jpg;207
/home/ubuntu/data/orig_detected_face/James_Ivory/face_0_James_Ivory_0001.jpg;207
/home/ubuntu/data/orig_detected_face/Magui_Serna/face_0_Magui_Serna_0002.jpg;208
/home/ubuntu/data/orig_detected_face/Magui_Serna/face_0_Magui_Serna_0001.jpg;208
/home/ubuntu/data/orig_detected_face/Jeffrey_Archer/face_0_Jeffrey_Archer_0001.jpg;209
/home/ubuntu/data/orig_detected_face/Jeffrey_Archer/face_0_Jeffrey_Archer_0002.jpg;209
/home/ubuntu/data/orig_detected_face/Jeffrey_Archer/face_1_Jeffrey_Archer_0002.jpg;209
/home/ubuntu/data/orig_detected_face/Manuel_Poggiali/face_0_Manuel_Poggiali_0002.jpg;210
/home/ubuntu/data/orig_detected_face/Manuel_Poggiali/face_0_Manuel_Poggiali_0001.jpg;210
/home/ubuntu/data/orig_detected_face/Leland_Chapman/face_0_Leland_Chapman_0002.jpg;211
/home/ubuntu/data/orig_detected_face/Leland_Chapman/face_0_Leland_Chapman_0001.jpg;211
/home/ubuntu/data/orig_detected_face/Charles_Kartman/face_0_Charles_Kartman_0001.jpg;212
/home/ubuntu/data/orig_detected_face/Charles_Kartman/face_0_Charles_Kartman_0002.jpg;212
/home/ubuntu/data/orig_detected_face/Annette_Bening/face_0_Annette_Bening_0002.jpg;213
/home/ubuntu/data/orig_detected_face/Annette_Bening/face_0_Annette_Bening_0001.jpg;213
/home/ubuntu/data/orig_detected_face/Jennifer_Rodriguez/face_0_Jennifer_Rodriguez_0001.jpg;214
/home/ubuntu/data/orig_detected_face/Jennifer_Rodriguez/face_0_Jennifer_Rodriguez_0002.jpg;214
/home/ubuntu/data/orig_detected_face/Dorthy_Moxley/face_0_Dorthy_Moxley_0001.jpg;215
/home/ubuntu/data/orig_detected_face/Dorthy_Moxley/face_0_Dorthy_Moxley_0002.jpg;215
/home/ubuntu/data/orig_detected_face/Johnson_Panjaitan/face_0_Johnson_Panjaitan_0002.jpg;216
/home/ubuntu/data/orig_detected_face/Johnson_Panjaitan/face_0_Johnson_Panjaitan_0001.jpg;216
/home/ubuntu/data/orig_detected_face/Andrei_Mikhnevich/face_0_Andrei_Mikhnevich_0001.jpg;217
/home/ubuntu/data/orig_detected_face/Andrei_Mikhnevich/face_0_Andrei_Mikhnevich_0002.jpg;217
/home/ubuntu/data/orig_detected_face/Jimmy_Kimmel/face_0_Jimmy_Kimmel_0001.jpg;218
/home/ubuntu/data/orig_detected_face/Jimmy_Kimmel/face_0_Jimmy_Kimmel_0002.jpg;218
/home/ubuntu/data/orig_detected_face/Chita_Rivera/face_0_Chita_Rivera_0002.jpg;219
/home/ubuntu/data/orig_detected_face/Chita_Rivera/face_0_Chita_Rivera_0001.jpg;219
/home/ubuntu/data/orig_detected_face/Edie_Falco/face_0_Edie_Falco_0002.jpg;220
/home/ubuntu/data/orig_detected_face/Edie_Falco/face_0_Edie_Falco_0001.jpg;220
/home/ubuntu/data/orig_detected_face/Edie_Falco/face_1_Edie_Falco_0001.jpg;220
/home/ubuntu/data/orig_detected_face/Kelli_White/face_0_Kelli_White_0001.jpg;221
/home/ubuntu/data/orig_detected_face/Kelli_White/face_0_Kelli_White_0002.jpg;221
/home/ubuntu/data/orig_detected_face/Maria_Luisa_Mendonca/face_0_Maria_Luisa_Mendonca_0002.jpg;222
/home/ubuntu/data/orig_detected_face/Chuck_Yeager/face_0_Chuck_Yeager_0002.jpg;223
/home/ubuntu/data/orig_detected_face/Chuck_Yeager/face_0_Chuck_Yeager_0001.jpg;223
/home/ubuntu/data/orig_detected_face/Augusto_Roa_Bastos/face_0_Augusto_Roa_Bastos_0002.jpg;224
/home/ubuntu/data/orig_detected_face/Augusto_Roa_Bastos/face_0_Augusto_Roa_Bastos_0001.jpg;224
/home/ubuntu/data/orig_detected_face/Dai_Bachtiar/face_0_Dai_Bachtiar_0001.jpg;225
/home/ubuntu/data/orig_detected_face/Dai_Bachtiar/face_1_Dai_Bachtiar_0002.jpg;225
/home/ubuntu/data/orig_detected_face/Dai_Bachtiar/face_0_Dai_Bachtiar_0002.jpg;225
/home/ubuntu/data/orig_detected_face/Christian_Fittipaldi/face_0_Christian_Fittipaldi_0002.jpg;226
/home/ubuntu/data/orig_detected_face/Christian_Fittipaldi/face_0_Christian_Fittipaldi_0001.jpg;226
/home/ubuntu/data/orig_detected_face/Hilmi_Ozkok/face_0_Hilmi_Ozkok_0001.jpg;227
/home/ubuntu/data/orig_detected_face/Hilmi_Ozkok/face_0_Hilmi_Ozkok_0002.jpg;227
/home/ubuntu/data/orig_detected_face/Jack_Grubman/face_0_Jack_Grubman_0001.jpg;228
/home/ubuntu/data/orig_detected_face/Jack_Grubman/face_0_Jack_Grubman_0002.jpg;228
/home/ubuntu/data/orig_detected_face/Claire_Hentzen/face_0_Claire_Hentzen_0002.jpg;229
/home/ubuntu/data/orig_detected_face/Claire_Hentzen/face_0_Claire_Hentzen_0001.jpg;229
/home/ubuntu/data/orig_detected_face/Jacqueline_Obradors/face_0_Jacqueline_Obradors_0001.jpg;230
/home/ubuntu/data/orig_detected_face/Jacqueline_Obradors/face_0_Jacqueline_Obradors_0002.jpg;230
/home/ubuntu/data/orig_detected_face/Drew_Barrymore/face_0_Drew_Barrymore_0001.jpg;231
/home/ubuntu/data/orig_detected_face/Drew_Barrymore/face_0_Drew_Barrymore_0002.jpg;231
/home/ubuntu/data/orig_detected_face/Anneli_Jaatteenmaki/face_0_Anneli_Jaatteenmaki_0002.jpg;232
/home/ubuntu/data/orig_detected_face/Anneli_Jaatteenmaki/face_0_Anneli_Jaatteenmaki_0001.jpg;232
/home/ubuntu/data/orig_detected_face/Marlene_Weingartner/face_0_Marlene_Weingartner_0002.jpg;233
/home/ubuntu/data/orig_detected_face/Begum_Khaleda_Zia/face_0_Begum_Khaleda_Zia_0002.jpg;234
/home/ubuntu/data/orig_detected_face/Begum_Khaleda_Zia/face_0_Begum_Khaleda_Zia_0001.jpg;234
/home/ubuntu/data/orig_detected_face/Jane_Pauley/face_0_Jane_Pauley_0002.jpg;235
/home/ubuntu/data/orig_detected_face/Jane_Pauley/face_0_Jane_Pauley_0001.jpg;235
/home/ubuntu/data/orig_detected_face/Eric_Hinske/face_0_Eric_Hinske_0002.jpg;236
/home/ubuntu/data/orig_detected_face/Eric_Hinske/face_0_Eric_Hinske_0001.jpg;236
/home/ubuntu/data/orig_detected_face/Don_Nickles/face_0_Don_Nickles_0001.jpg;237
/home/ubuntu/data/orig_detected_face/Don_Nickles/face_0_Don_Nickles_0002.jpg;237
/home/ubuntu/data/orig_detected_face/Jean-Claude_Trichet/face_0_Jean-Claude_Trichet_0002.jpg;238
/home/ubuntu/data/orig_detected_face/Jean-Claude_Trichet/face_0_Jean-Claude_Trichet_0001.jpg;238
/home/ubuntu/data/orig_detected_face/Jean-Claude_Trichet/face_1_Jean-Claude_Trichet_0002.jpg;238
/home/ubuntu/data/orig_detected_face/Jean-Sebastien_Giguere/face_0_Jean-Sebastien_Giguere_0002.jpg;239
/home/ubuntu/data/orig_detected_face/Jean-Sebastien_Giguere/face_0_Jean-Sebastien_Giguere_0001.jpg;239
/home/ubuntu/data/orig_detected_face/Hannah_Stockbauer/face_0_Hannah_Stockbauer_0002.jpg;240
/home/ubuntu/data/orig_detected_face/Hannah_Stockbauer/face_0_Hannah_Stockbauer_0001.jpg;240
/home/ubuntu/data/orig_detected_face/Joe_Calzaghe/face_0_Joe_Calzaghe_0001.jpg;241
/home/ubuntu/data/orig_detected_face/Joe_Calzaghe/face_0_Joe_Calzaghe_0002.jpg;241
/home/ubuntu/data/orig_detected_face/Daniela_Hantuchova/face_0_Daniela_Hantuchova_0001.jpg;242
/home/ubuntu/data/orig_detected_face/Daniela_Hantuchova/face_0_Daniela_Hantuchova_0002.jpg;242
/home/ubuntu/data/orig_detected_face/Kent_Rominger/face_0_Kent_Rominger_0002.jpg;243
/home/ubuntu/data/orig_detected_face/Kent_Rominger/face_0_Kent_Rominger_0001.jpg;243
/home/ubuntu/data/orig_detected_face/Dennis_Erickson/face_0_Dennis_Erickson_0002.jpg;244
/home/ubuntu/data/orig_detected_face/Dennis_Erickson/face_0_Dennis_Erickson_0001.jpg;244
/home/ubuntu/data/orig_detected_face/John_Reilly/face_0_John_Reilly_0002.jpg;245
/home/ubuntu/data/orig_detected_face/John_Reilly/face_0_John_Reilly_0001.jpg;245
/home/ubuntu/data/orig_detected_face/Flor_Montulo/face_0_Flor_Montulo_0001.jpg;246
/home/ubuntu/data/orig_detected_face/Flor_Montulo/face_0_Flor_Montulo_0002.jpg;246
/home/ubuntu/data/orig_detected_face/Ahmad_Masood/face_0_Ahmad_Masood_0001.jpg;247
/home/ubuntu/data/orig_detected_face/Ahmad_Masood/face_0_Ahmad_Masood_0002.jpg;247
/home/ubuntu/data/orig_detected_face/Marina_Anissina/non_face_0_Marina_Anissina_0001.jpg;248
/home/ubuntu/data/orig_detected_face/Marina_Anissina/face_1_Marina_Anissina_0001.jpg;248
/home/ubuntu/data/orig_detected_face/Marina_Anissina/face_1_Marina_Anissina_0002.jpg;248
/home/ubuntu/data/orig_detected_face/Marina_Anissina/face_0_Marina_Anissina_0002.jpg;248
/home/ubuntu/data/orig_detected_face/Grady_Irvin_Jr/face_0_Grady_Irvin_Jr_0002.jpg;249
/home/ubuntu/data/orig_detected_face/Grady_Irvin_Jr/face_0_Grady_Irvin_Jr_0001.jpg;249
/home/ubuntu/data/orig_detected_face/Kiki_Vandeweghe/face_0_Kiki_Vandeweghe_0001.jpg;250
/home/ubuntu/data/orig_detected_face/Kiki_Vandeweghe/face_0_Kiki_Vandeweghe_0002.jpg;250
/home/ubuntu/data/orig_detected_face/Charlie_Zaa/face_0_Charlie_Zaa_0001.jpg;251
/home/ubuntu/data/orig_detected_face/Charlie_Zaa/face_0_Charlie_Zaa_0002.jpg;251
/home/ubuntu/data/orig_detected_face/Franz_Beckenbauer/face_0_Franz_Beckenbauer_0001.jpg;252
/home/ubuntu/data/orig_detected_face/Franz_Beckenbauer/face_0_Franz_Beckenbauer_0002.jpg;252
/home/ubuntu/data/orig_detected_face/Jeffrey_Jones/face_0_Jeffrey_Jones_0002.jpg;253
/home/ubuntu/data/orig_detected_face/Jeffrey_Jones/face_0_Jeffrey_Jones_0001.jpg;253
/home/ubuntu/data/orig_detected_face/Jessica_Lange/face_1_Jessica_Lange_0001.jpg;254
/home/ubuntu/data/orig_detected_face/Jessica_Lange/face_0_Jessica_Lange_0002.jpg;254
/home/ubuntu/data/orig_detected_face/Jessica_Lange/face_0_Jessica_Lange_0001.jpg;254
/home/ubuntu/data/orig_detected_face/James_Schultz/face_0_James_Schultz_0001.jpg;255
/home/ubuntu/data/orig_detected_face/James_Schultz/face_0_James_Schultz_0002.jpg;255
/home/ubuntu/data/orig_detected_face/Harvey_Weinstein/face_0_Harvey_Weinstein_0001.jpg;256
/home/ubuntu/data/orig_detected_face/Harvey_Weinstein/face_1_Harvey_Weinstein_0002.jpg;256
/home/ubuntu/data/orig_detected_face/Harvey_Weinstein/face_0_Harvey_Weinstein_0002.jpg;256
/home/ubuntu/data/orig_detected_face/Mark_Warner/face_0_Mark_Warner_0002.jpg;257
/home/ubuntu/data/orig_detected_face/Mark_Warner/face_0_Mark_Warner_0001.jpg;257
/home/ubuntu/data/orig_detected_face/Lloyd_Ward/face_0_Lloyd_Ward_0001.jpg;258
/home/ubuntu/data/orig_detected_face/Lloyd_Ward/face_0_Lloyd_Ward_0002.jpg;258
/home/ubuntu/data/orig_detected_face/Elvis_Presley/face_0_Elvis_Presley_0001.jpg;259
/home/ubuntu/data/orig_detected_face/Elvis_Presley/face_0_Elvis_Presley_0002.jpg;259
/home/ubuntu/data/orig_detected_face/Jong_Thae_Hwa/face_0_Jong_Thae_Hwa_0001.jpg;260
/home/ubuntu/data/orig_detected_face/Jong_Thae_Hwa/face_0_Jong_Thae_Hwa_0002.jpg;260
/home/ubuntu/data/orig_detected_face/Dalai_Lama/face_0_Dalai_Lama_0002.jpg;261
/home/ubuntu/data/orig_detected_face/Dalai_Lama/face_0_Dalai_Lama_0001.jpg;261
/home/ubuntu/data/orig_detected_face/Dalai_Lama/face_1_Dalai_Lama_0002.jpg;261
/home/ubuntu/data/orig_detected_face/Ken_Watanabe/face_0_Ken_Watanabe_0001.jpg;262
/home/ubuntu/data/orig_detected_face/Ken_Watanabe/face_0_Ken_Watanabe_0002.jpg;262
/home/ubuntu/data/orig_detected_face/Manfred_Stolpe/face_0_Manfred_Stolpe_0002.jpg;263
/home/ubuntu/data/orig_detected_face/Manfred_Stolpe/face_0_Manfred_Stolpe_0001.jpg;263
/home/ubuntu/data/orig_detected_face/Brian_Griese/face_0_Brian_Griese_0001.jpg;264
/home/ubuntu/data/orig_detected_face/Brian_Griese/face_0_Brian_Griese_0002.jpg;264
/home/ubuntu/data/orig_detected_face/Bobby_Goldwater/face_0_Bobby_Goldwater_0002.jpg;265
/home/ubuntu/data/orig_detected_face/Bobby_Goldwater/face_0_Bobby_Goldwater_0001.jpg;265
/home/ubuntu/data/orig_detected_face/Alison_Lohman/face_0_Alison_Lohman_0002.jpg;266
/home/ubuntu/data/orig_detected_face/Alison_Lohman/face_0_Alison_Lohman_0001.jpg;266
/home/ubuntu/data/orig_detected_face/Francis_Ford_Coppola/face_0_Francis_Ford_Coppola_0002.jpg;267
/home/ubuntu/data/orig_detected_face/Francis_Ford_Coppola/face_0_Francis_Ford_Coppola_0001.jpg;267
/home/ubuntu/data/orig_detected_face/Chakib_Khelil/face_0_Chakib_Khelil_0001.jpg;268
/home/ubuntu/data/orig_detected_face/Chakib_Khelil/face_1_Chakib_Khelil_0002.jpg;268
/home/ubuntu/data/orig_detected_face/Chakib_Khelil/face_0_Chakib_Khelil_0002.jpg;268
/home/ubuntu/data/orig_detected_face/Hanan_Ashrawi/non_face_0_Hanan_Ashrawi_0001.jpg;269
/home/ubuntu/data/orig_detected_face/Hanan_Ashrawi/face_1_Hanan_Ashrawi_0001.jpg;269
/home/ubuntu/data/orig_detected_face/Hanan_Ashrawi/face_0_Hanan_Ashrawi_0002.jpg;269
/home/ubuntu/data/orig_detected_face/John_McCormack/face_0_John_McCormack_0002.jpg;270
/home/ubuntu/data/orig_detected_face/John_McCormack/face_0_John_McCormack_0001.jpg;270
/home/ubuntu/data/orig_detected_face/Eric_Rosser/face_0_Eric_Rosser_0001.jpg;271
/home/ubuntu/data/orig_detected_face/Eric_Rosser/face_0_Eric_Rosser_0002.jpg;271
/home/ubuntu/data/orig_detected_face/David_Leahy/face_0_David_Leahy_0001.jpg;272
/home/ubuntu/data/orig_detected_face/David_Leahy/face_0_David_Leahy_0002.jpg;272
/home/ubuntu/data/orig_detected_face/Chung_Mong-joon/face_0_Chung_Mong-joon_0001.jpg;273
/home/ubuntu/data/orig_detected_face/Chung_Mong-joon/face_0_Chung_Mong-joon_0002.jpg;273
/home/ubuntu/data/orig_detected_face/Fred_Funk/face_0_Fred_Funk_0002.jpg;274
/home/ubuntu/data/orig_detected_face/Fred_Funk/face_0_Fred_Funk_0001.jpg;274
/home/ubuntu/data/orig_detected_face/James_Butts/face_0_James_Butts_0002.jpg;275
/home/ubuntu/data/orig_detected_face/James_Butts/face_1_James_Butts_0001.jpg;275
/home/ubuntu/data/orig_detected_face/James_Butts/face_0_James_Butts_0001.jpg;275
/home/ubuntu/data/orig_detected_face/Goh_Kun/face_0_Goh_Kun_0002.jpg;276
/home/ubuntu/data/orig_detected_face/Goh_Kun/face_0_Goh_Kun_0001.jpg;276
/home/ubuntu/data/orig_detected_face/Hermann_Maier/face_0_Hermann_Maier_0001.jpg;277
/home/ubuntu/data/orig_detected_face/Lim_Dong-won/face_0_Lim_Dong-won_0002.jpg;278
/home/ubuntu/data/orig_detected_face/Lim_Dong-won/face_0_Lim_Dong-won_0001.jpg;278
/home/ubuntu/data/orig_detected_face/Frances_Fisher/face_1_Frances_Fisher_0001.jpg;279
/home/ubuntu/data/orig_detected_face/Frances_Fisher/face_0_Frances_Fisher_0002.jpg;279
/home/ubuntu/data/orig_detected_face/Frances_Fisher/non_face_0_Frances_Fisher_0001.jpg;279
/home/ubuntu/data/orig_detected_face/Chuck_Amato/face_0_Chuck_Amato_0002.jpg;280
/home/ubuntu/data/orig_detected_face/Chuck_Amato/face_0_Chuck_Amato_0001.jpg;280
/home/ubuntu/data/orig_detected_face/Bruce_Weber/face_0_Bruce_Weber_0001.jpg;281
/home/ubuntu/data/orig_detected_face/Bruce_Weber/face_0_Bruce_Weber_0002.jpg;281
/home/ubuntu/data/orig_detected_face/Jada_Pinkett_Smith/face_0_Jada_Pinkett_Smith_0002.jpg;282
/home/ubuntu/data/orig_detected_face/Jada_Pinkett_Smith/face_0_Jada_Pinkett_Smith_0001.jpg;282
/home/ubuntu/data/orig_detected_face/David_Kelley/face_0_David_Kelley_0002.jpg;283
/home/ubuntu/data/orig_detected_face/David_Kelley/face_0_David_Kelley_0001.jpg;283
/home/ubuntu/data/orig_detected_face/Herta_Daeubler-Gmelin/face_0_Herta_Daeubler-Gmelin_0002.jpg;284
/home/ubuntu/data/orig_detected_face/Herta_Daeubler-Gmelin/face_0_Herta_Daeubler-Gmelin_0001.jpg;284
/home/ubuntu/data/orig_detected_face/Markus_Naslund/face_0_Markus_Naslund_0002.jpg;285
/home/ubuntu/data/orig_detected_face/Markus_Naslund/face_0_Markus_Naslund_0001.jpg;285
/home/ubuntu/data/orig_detected_face/John_McEnroe/face_0_John_McEnroe_0002.jpg;286
/home/ubuntu/data/orig_detected_face/John_McEnroe/face_1_John_McEnroe_0002.jpg;286
/home/ubuntu/data/orig_detected_face/John_McEnroe/face_0_John_McEnroe_0001.jpg;286
/home/ubuntu/data/orig_detected_face/Henrique_Meirelles/face_0_Henrique_Meirelles_0002.jpg;287
/home/ubuntu/data/orig_detected_face/Henrique_Meirelles/face_0_Henrique_Meirelles_0001.jpg;287
/home/ubuntu/data/orig_detected_face/Jean_Brumley/face_0_Jean_Brumley_0002.jpg;288
/home/ubuntu/data/orig_detected_face/Jean_Brumley/face_0_Jean_Brumley_0001.jpg;288
/home/ubuntu/data/orig_detected_face/Kathryn_Bigelow/face_0_Kathryn_Bigelow_0001.jpg;289
/home/ubuntu/data/orig_detected_face/Kathryn_Bigelow/face_0_Kathryn_Bigelow_0002.jpg;289
/home/ubuntu/data/orig_detected_face/Andrew_Bunner/face_0_Andrew_Bunner_0001.jpg;290
/home/ubuntu/data/orig_detected_face/Andrew_Bunner/face_0_Andrew_Bunner_0002.jpg;290
/home/ubuntu/data/orig_detected_face/Gordon_Campbell/face_0_Gordon_Campbell_0002.jpg;291
/home/ubuntu/data/orig_detected_face/Gordon_Campbell/face_0_Gordon_Campbell_0001.jpg;291
/home/ubuntu/data/orig_detected_face/Alicia_Silverstone/face_0_Alicia_Silverstone_0002.jpg;292
/home/ubuntu/data/orig_detected_face/Alicia_Silverstone/face_0_Alicia_Silverstone_0001.jpg;292
/home/ubuntu/data/orig_detected_face/Joerg_Haider/face_1_Joerg_Haider_0001.jpg;293
/home/ubuntu/data/orig_detected_face/Joerg_Haider/face_0_Joerg_Haider_0001.jpg;293
/home/ubuntu/data/orig_detected_face/Joerg_Haider/face_0_Joerg_Haider_0002.jpg;293
/home/ubuntu/data/orig_detected_face/Barrett_Jackman/face_0_Barrett_Jackman_0001.jpg;294
/home/ubuntu/data/orig_detected_face/Barrett_Jackman/face_0_Barrett_Jackman_0002.jpg;294
/home/ubuntu/data/orig_detected_face/Dolma_Tsering/face_0_Dolma_Tsering_0001.jpg;295
/home/ubuntu/data/orig_detected_face/Dolma_Tsering/face_0_Dolma_Tsering_0002.jpg;295
/home/ubuntu/data/orig_detected_face/Dolma_Tsering/face_1_Dolma_Tsering_0002.jpg;295
/home/ubuntu/data/orig_detected_face/Blythe_Danner/face_0_Blythe_Danner_0002.jpg;296
/home/ubuntu/data/orig_detected_face/Blythe_Danner/face_0_Blythe_Danner_0001.jpg;296
/home/ubuntu/data/orig_detected_face/Luke_Walton/face_0_Luke_Walton_0002.jpg;297
/home/ubuntu/data/orig_detected_face/Luke_Walton/face_0_Luke_Walton_0001.jpg;297
/home/ubuntu/data/orig_detected_face/Fran_Drescher/face_0_Fran_Drescher_0001.jpg;298
/home/ubuntu/data/orig_detected_face/Fran_Drescher/face_0_Fran_Drescher_0002.jpg;298
/home/ubuntu/data/orig_detected_face/Garry_Trudeau/face_0_Garry_Trudeau_0002.jpg;299
/home/ubuntu/data/orig_detected_face/Garry_Trudeau/face_0_Garry_Trudeau_0001.jpg;299
/home/ubuntu/data/orig_detected_face/Elizabeth_Taylor/face_0_Elizabeth_Taylor_0002.jpg;300
/home/ubuntu/data/orig_detected_face/Elizabeth_Taylor/face_0_Elizabeth_Taylor_0001.jpg;300
/home/ubuntu/data/orig_detected_face/Hal_Sutton/face_0_Hal_Sutton_0001.jpg;301
/home/ubuntu/data/orig_detected_face/Hal_Sutton/face_0_Hal_Sutton_0002.jpg;301
/home/ubuntu/data/orig_detected_face/Jerry_Falwell/face_0_Jerry_Falwell_0001.jpg;302
/home/ubuntu/data/orig_detected_face/Jerry_Falwell/face_0_Jerry_Falwell_0002.jpg;302
/home/ubuntu/data/orig_detected_face/John_Garamendi/face_0_John_Garamendi_0001.jpg;303
/home/ubuntu/data/orig_detected_face/John_Garamendi/face_0_John_Garamendi_0002.jpg;303
/home/ubuntu/data/orig_detected_face/Janica_Kostelic/face_0_Janica_Kostelic_0002.jpg;304
/home/ubuntu/data/orig_detected_face/Janica_Kostelic/face_0_Janica_Kostelic_0001.jpg;304
/home/ubuntu/data/orig_detected_face/Hideki_Matsui/face_0_Hideki_Matsui_0002.jpg;305
/home/ubuntu/data/orig_detected_face/Hideki_Matsui/face_0_Hideki_Matsui_0001.jpg;305
/home/ubuntu/data/orig_detected_face/George_Brumley/face_0_George_Brumley_0002.jpg;306
/home/ubuntu/data/orig_detected_face/George_Brumley/face_0_George_Brumley_0001.jpg;306
/home/ubuntu/data/orig_detected_face/Gao_Qiang/face_0_Gao_Qiang_0002.jpg;307
/home/ubuntu/data/orig_detected_face/Gao_Qiang/face_0_Gao_Qiang_0001.jpg;307
/home/ubuntu/data/orig_detected_face/Francis_George/face_0_Francis_George_0002.jpg;308
/home/ubuntu/data/orig_detected_face/Francis_George/face_0_Francis_George_0001.jpg;308
/home/ubuntu/data/orig_detected_face/David_Heyman/face_1_David_Heyman_0002.jpg;309
/home/ubuntu/data/orig_detected_face/David_Heyman/non_face_0_David_Heyman_0002.jpg;309
/home/ubuntu/data/orig_detected_face/David_Heyman/face_0_David_Heyman_0001.jpg;309
/home/ubuntu/data/orig_detected_face/Marc-Andre_Fleury/face_0_Marc-Andre_Fleury_0002.jpg;310
/home/ubuntu/data/orig_detected_face/Jennifer_Reilly/face_0_Jennifer_Reilly_0002.jpg;311
/home/ubuntu/data/orig_detected_face/Jennifer_Reilly/face_0_Jennifer_Reilly_0001.jpg;311
/home/ubuntu/data/orig_detected_face/Carlos_Bianchi/face_0_Carlos_Bianchi_0002.jpg;312
/home/ubuntu/data/orig_detected_face/Carlos_Bianchi/face_0_Carlos_Bianchi_0001.jpg;312
/home/ubuntu/data/orig_detected_face/Andrew_Niccol/face_1_Andrew_Niccol_0001.jpg;313
/home/ubuntu/data/orig_detected_face/Andrew_Niccol/face_0_Andrew_Niccol_0001.jpg;313
/home/ubuntu/data/orig_detected_face/Andrew_Niccol/face_0_Andrew_Niccol_0002.jpg;313
/home/ubuntu/data/orig_detected_face/Freddy_Garcia/face_0_Freddy_Garcia_0001.jpg;314
/home/ubuntu/data/orig_detected_face/Freddy_Garcia/face_0_Freddy_Garcia_0002.jpg;314
/home/ubuntu/data/orig_detected_face/Edward_James_Olmos/face_1_Edward_James_Olmos_0002.jpg;315
/home/ubuntu/data/orig_detected_face/Edward_James_Olmos/face_0_Edward_James_Olmos_0001.jpg;315
/home/ubuntu/data/orig_detected_face/Edward_James_Olmos/non_face_0_Edward_James_Olmos_0002.jpg;315
/home/ubuntu/data/orig_detected_face/Cristina_Fernandez/face_0_Cristina_Fernandez_0002.jpg;316
/home/ubuntu/data/orig_detected_face/Cristina_Fernandez/face_0_Cristina_Fernandez_0001.jpg;316
/home/ubuntu/data/orig_detected_face/Jamie_Villafane/face_0_Jamie_Villafane_0001.jpg;317
/home/ubuntu/data/orig_detected_face/Jamie_Villafane/face_0_Jamie_Villafane_0002.jpg;317
/home/ubuntu/data/orig_detected_face/Betsy_Smith/face_0_Betsy_Smith_0001.jpg;318
/home/ubuntu/data/orig_detected_face/Betsy_Smith/face_0_Betsy_Smith_0002.jpg;318
/home/ubuntu/data/orig_detected_face/Fabiola_Zuluaga/face_0_Fabiola_Zuluaga_0001.jpg;319
/home/ubuntu/data/orig_detected_face/Fabiola_Zuluaga/face_0_Fabiola_Zuluaga_0002.jpg;319
/home/ubuntu/data/orig_detected_face/Julie_Taymor/face_0_Julie_Taymor_0001.jpg;320
/home/ubuntu/data/orig_detected_face/Julie_Taymor/face_0_Julie_Taymor_0002.jpg;320
/home/ubuntu/data/orig_detected_face/Chang_Dae-whan/face_1_Chang_Dae-whan_0002.jpg;321
/home/ubuntu/data/orig_detected_face/Chang_Dae-whan/face_0_Chang_Dae-whan_0002.jpg;321
/home/ubuntu/data/orig_detected_face/Chang_Dae-whan/face_0_Chang_Dae-whan_0001.jpg;321
/home/ubuntu/data/orig_detected_face/Ernesto_Zedillo/face_1_Ernesto_Zedillo_0002.jpg;322
/home/ubuntu/data/orig_detected_face/Ernesto_Zedillo/face_0_Ernesto_Zedillo_0002.jpg;322
/home/ubuntu/data/orig_detected_face/Ernesto_Zedillo/face_0_Ernesto_Zedillo_0001.jpg;322
/home/ubuntu/data/orig_detected_face/Elin_Nordegren/face_0_Elin_Nordegren_0001.jpg;323
/home/ubuntu/data/orig_detected_face/Elin_Nordegren/face_0_Elin_Nordegren_0002.jpg;323
/home/ubuntu/data/orig_detected_face/Jean_Carnahan/face_0_Jean_Carnahan_0002.jpg;324
/home/ubuntu/data/orig_detected_face/Jean_Carnahan/face_0_Jean_Carnahan_0001.jpg;324
/home/ubuntu/data/orig_detected_face/Emmit_Smith/face_0_Emmit_Smith_0002.jpg;325
/home/ubuntu/data/orig_detected_face/Emmit_Smith/face_0_Emmit_Smith_0001.jpg;325
/home/ubuntu/data/orig_detected_face/Anthony_Fauci/face_0_Anthony_Fauci_0002.jpg;326
/home/ubuntu/data/orig_detected_face/Anthony_Fauci/face_0_Anthony_Fauci_0001.jpg;326
/home/ubuntu/data/orig_detected_face/Carol_Burnett/non_face_0_Carol_Burnett_0001.jpg;327
/home/ubuntu/data/orig_detected_face/Carol_Burnett/face_0_Carol_Burnett_0002.jpg;327
/home/ubuntu/data/orig_detected_face/Carol_Burnett/face_1_Carol_Burnett_0001.jpg;327
/home/ubuntu/data/orig_detected_face/Bruce_Van_De_Velde/face_0_Bruce_Van_De_Velde_0001.jpg;328
/home/ubuntu/data/orig_detected_face/Bruce_Van_De_Velde/face_0_Bruce_Van_De_Velde_0002.jpg;328
/home/ubuntu/data/orig_detected_face/Doug_Collins/face_0_Doug_Collins_0002.jpg;329
/home/ubuntu/data/orig_detected_face/Doug_Collins/face_0_Doug_Collins_0001.jpg;329
/home/ubuntu/data/orig_detected_face/Charles_Mathews/face_0_Charles_Mathews_0001.jpg;330
/home/ubuntu/data/orig_detected_face/Jose_Theodore/face_0_Jose_Theodore_0001.jpg;331
/home/ubuntu/data/orig_detected_face/Jose_Theodore/face_0_Jose_Theodore_0002.jpg;331
/home/ubuntu/data/orig_detected_face/Anthony_LaPaglia/face_0_Anthony_LaPaglia_0001.jpg;332
/home/ubuntu/data/orig_detected_face/Anthony_LaPaglia/face_0_Anthony_LaPaglia_0002.jpg;332
/home/ubuntu/data/orig_detected_face/Carlos_Ghosn/face_0_Carlos_Ghosn_0001.jpg;333
/home/ubuntu/data/orig_detected_face/Carlos_Ghosn/face_0_Carlos_Ghosn_0002.jpg;333
/home/ubuntu/data/orig_detected_face/Elizabeth_Shue/face_0_Elizabeth_Shue_0001.jpg;334
/home/ubuntu/data/orig_detected_face/Elizabeth_Shue/face_0_Elizabeth_Shue_0002.jpg;334
/home/ubuntu/data/orig_detected_face/Elizabeth_Shue/face_1_Elizabeth_Shue_0002.jpg;334
/home/ubuntu/data/orig_detected_face/Inocencio_Arias/face_0_Inocencio_Arias_0001.jpg;335
/home/ubuntu/data/orig_detected_face/Inocencio_Arias/face_0_Inocencio_Arias_0002.jpg;335
/home/ubuntu/data/orig_detected_face/Desiree_Lemosi/face_0_Desiree_Lemosi_0002.jpg;336
/home/ubuntu/data/orig_detected_face/Desiree_Lemosi/face_0_Desiree_Lemosi_0001.jpg;336
/home/ubuntu/data/orig_detected_face/Lisa_Gottsegen/face_0_Lisa_Gottsegen_0001.jpg;337
/home/ubuntu/data/orig_detected_face/Lisa_Gottsegen/face_0_Lisa_Gottsegen_0002.jpg;337
/home/ubuntu/data/orig_detected_face/John_Timoney/face_0_John_Timoney_0002.jpg;338
/home/ubuntu/data/orig_detected_face/John_Timoney/face_0_John_Timoney_0001.jpg;338
/home/ubuntu/data/orig_detected_face/Eunice_Barber/face_0_Eunice_Barber_0002.jpg;339
/home/ubuntu/data/orig_detected_face/Eunice_Barber/face_0_Eunice_Barber_0001.jpg;339
/home/ubuntu/data/orig_detected_face/Leslie_Moonves/face_0_Leslie_Moonves_0001.jpg;340
/home/ubuntu/data/orig_detected_face/Leslie_Moonves/face_0_Leslie_Moonves_0002.jpg;340
/home/ubuntu/data/orig_detected_face/Leslie_Moonves/face_1_Leslie_Moonves_0002.jpg;340
/home/ubuntu/data/orig_detected_face/Ernie_Eves/face_0_Ernie_Eves_0001.jpg;341
/home/ubuntu/data/orig_detected_face/Ernie_Eves/face_0_Ernie_Eves_0002.jpg;341
/home/ubuntu/data/orig_detected_face/George_Tenet/face_0_George_Tenet_0002.jpg;342
/home/ubuntu/data/orig_detected_face/George_Tenet/face_0_George_Tenet_0001.jpg;342
/home/ubuntu/data/orig_detected_face/Darrell_Porter/face_0_Darrell_Porter_0001.jpg;343
/home/ubuntu/data/orig_detected_face/Darrell_Porter/face_0_Darrell_Porter_0002.jpg;343
/home/ubuntu/data/orig_detected_face/Kim_Jin-sun/face_0_Kim_Jin-sun_0001.jpg;344
/home/ubuntu/data/orig_detected_face/Kim_Jin-sun/face_0_Kim_Jin-sun_0002.jpg;344
/home/ubuntu/data/orig_detected_face/John_Rigas/face_1_John_Rigas_0002.jpg;345
/home/ubuntu/data/orig_detected_face/John_Rigas/face_0_John_Rigas_0002.jpg;345
/home/ubuntu/data/orig_detected_face/John_Rigas/face_0_John_Rigas_0001.jpg;345
/home/ubuntu/data/orig_detected_face/Gerardo_Gambala/face_0_Gerardo_Gambala_0001.jpg;346
/home/ubuntu/data/orig_detected_face/Gerardo_Gambala/face_0_Gerardo_Gambala_0002.jpg;346
/home/ubuntu/data/orig_detected_face/Donald_Evans/face_0_Donald_Evans_0001.jpg;347
/home/ubuntu/data/orig_detected_face/Donald_Evans/face_0_Donald_Evans_0002.jpg;347
/home/ubuntu/data/orig_detected_face/Angela_Lansbury/face_1_Angela_Lansbury_0001.jpg;348
/home/ubuntu/data/orig_detected_face/Angela_Lansbury/face_0_Angela_Lansbury_0002.jpg;348
/home/ubuntu/data/orig_detected_face/Angela_Lansbury/face_0_Angela_Lansbury_0001.jpg;348
/home/ubuntu/data/orig_detected_face/Carol_Moseley_Braun/face_0_Carol_Moseley_Braun_0001.jpg;349
/home/ubuntu/data/orig_detected_face/Carol_Moseley_Braun/face_0_Carol_Moseley_Braun_0002.jpg;349
/home/ubuntu/data/orig_detected_face/Dennis_Kozlowski/face_0_Dennis_Kozlowski_0002.jpg;350
/home/ubuntu/data/orig_detected_face/Dennis_Kozlowski/face_0_Dennis_Kozlowski_0001.jpg;350
/home/ubuntu/data/orig_detected_face/Ali_Abbas/face_1_Ali_Abbas_0001.jpg;351
/home/ubuntu/data/orig_detected_face/Ali_Abbas/face_0_Ali_Abbas_0002.jpg;351
/home/ubuntu/data/orig_detected_face/Ali_Abbas/face_0_Ali_Abbas_0001.jpg;351
/home/ubuntu/data/orig_detected_face/Alan_Mulally/face_0_Alan_Mulally_0001.jpg;352
/home/ubuntu/data/orig_detected_face/Elinor_Caplan/face_0_Elinor_Caplan_0001.jpg;353
/home/ubuntu/data/orig_detected_face/Elinor_Caplan/face_0_Elinor_Caplan_0002.jpg;353
/home/ubuntu/data/orig_detected_face/Ernie_Fletcher/face_1_Ernie_Fletcher_0002.jpg;354
/home/ubuntu/data/orig_detected_face/Ernie_Fletcher/face_0_Ernie_Fletcher_0002.jpg;354
/home/ubuntu/data/orig_detected_face/Ernie_Fletcher/face_0_Ernie_Fletcher_0001.jpg;354
/home/ubuntu/data/orig_detected_face/Boris_Yeltsin/face_0_Boris_Yeltsin_0002.jpg;355
/home/ubuntu/data/orig_detected_face/Boris_Yeltsin/face_0_Boris_Yeltsin_0001.jpg;355
/home/ubuntu/data/orig_detected_face/Julianna_Margulies/face_0_Julianna_Margulies_0001.jpg;356
/home/ubuntu/data/orig_detected_face/Julianna_Margulies/face_0_Julianna_Margulies_0002.jpg;356
/home/ubuntu/data/orig_detected_face/Lee_Tae-sik/face_0_Lee_Tae-sik_0001.jpg;357
/home/ubuntu/data/orig_detected_face/Lee_Tae-sik/face_0_Lee_Tae-sik_0002.jpg;357
/home/ubuntu/data/orig_detected_face/Lea_Fastow/face_1_Lea_Fastow_0001.jpg;358
/home/ubuntu/data/orig_detected_face/Lea_Fastow/face_0_Lea_Fastow_0001.jpg;358
/home/ubuntu/data/orig_detected_face/Lea_Fastow/face_0_Lea_Fastow_0002.jpg;358
/home/ubuntu/data/orig_detected_face/Lea_Fastow/face_2_Lea_Fastow_0001.jpg;358
/home/ubuntu/data/orig_detected_face/Karen_Mok/face_0_Karen_Mok_0002.jpg;359
/home/ubuntu/data/orig_detected_face/Karen_Mok/non_face_0_Karen_Mok_0001.jpg;359
/home/ubuntu/data/orig_detected_face/Karen_Mok/face_1_Karen_Mok_0001.jpg;359
/home/ubuntu/data/orig_detected_face/David_Dodge/face_0_David_Dodge_0001.jpg;360
/home/ubuntu/data/orig_detected_face/David_Dodge/face_0_David_Dodge_0002.jpg;360
/home/ubuntu/data/orig_detected_face/Eric_Clapton/face_0_Eric_Clapton_0001.jpg;361
/home/ubuntu/data/orig_detected_face/Eric_Clapton/face_0_Eric_Clapton_0002.jpg;361
/home/ubuntu/data/orig_detected_face/Johnny_Depp/face_0_Johnny_Depp_0002.jpg;362
/home/ubuntu/data/orig_detected_face/Johnny_Depp/face_0_Johnny_Depp_0001.jpg;362
/home/ubuntu/data/orig_detected_face/David_Caraway/face_0_David_Caraway_0001.jpg;363
/home/ubuntu/data/orig_detected_face/David_Caraway/face_0_David_Caraway_0002.jpg;363
/home/ubuntu/data/orig_detected_face/John_Blaney/face_1_John_Blaney_0002.jpg;364
/home/ubuntu/data/orig_detected_face/John_Blaney/face_0_John_Blaney_0002.jpg;364
/home/ubuntu/data/orig_detected_face/John_Blaney/face_0_John_Blaney_0001.jpg;364
/home/ubuntu/data/orig_detected_face/Bode_Miller/face_0_Bode_Miller_0002.jpg;365
/home/ubuntu/data/orig_detected_face/Bode_Miller/face_0_Bode_Miller_0001.jpg;365
/home/ubuntu/data/orig_detected_face/John_Ruiz/face_0_John_Ruiz_0002.jpg;366
/home/ubuntu/data/orig_detected_face/John_Ruiz/face_0_John_Ruiz_0001.jpg;366
/home/ubuntu/data/orig_detected_face/Butch_Davis/face_1_Butch_Davis_0001.jpg;367
/home/ubuntu/data/orig_detected_face/Butch_Davis/face_0_Butch_Davis_0002.jpg;367
/home/ubuntu/data/orig_detected_face/Butch_Davis/face_0_Butch_Davis_0001.jpg;367
/home/ubuntu/data/orig_detected_face/Chok_Tong_Goh/face_0_Chok_Tong_Goh_0001.jpg;368
/home/ubuntu/data/orig_detected_face/Chok_Tong_Goh/face_1_Chok_Tong_Goh_0001.jpg;368
/home/ubuntu/data/orig_detected_face/Chok_Tong_Goh/face_0_Chok_Tong_Goh_0002.jpg;368
/home/ubuntu/data/orig_detected_face/Christine_Ebersole/face_0_Christine_Ebersole_0002.jpg;369
/home/ubuntu/data/orig_detected_face/Christine_Ebersole/face_0_Christine_Ebersole_0001.jpg;369
/home/ubuntu/data/orig_detected_face/Chris_Tucker/face_0_Chris_Tucker_0002.jpg;370
/home/ubuntu/data/orig_detected_face/Chris_Tucker/face_0_Chris_Tucker_0001.jpg;370
/home/ubuntu/data/orig_detected_face/JJ_Redick/face_0_JJ_Redick_0002.jpg;371
/home/ubuntu/data/orig_detected_face/JJ_Redick/face_0_JJ_Redick_0001.jpg;371
/home/ubuntu/data/orig_detected_face/Carlos_Mesa/face_0_Carlos_Mesa_0001.jpg;372
/home/ubuntu/data/orig_detected_face/Carlos_Mesa/face_0_Carlos_Mesa_0002.jpg;372
/home/ubuntu/data/orig_detected_face/Dan_Wheldon/face_0_Dan_Wheldon_0002.jpg;373
/home/ubuntu/data/orig_detected_face/Dan_Wheldon/face_0_Dan_Wheldon_0001.jpg;373
/home/ubuntu/data/orig_detected_face/Guido_Westerwelle/face_0_Guido_Westerwelle_0002.jpg;374
/home/ubuntu/data/orig_detected_face/Guido_Westerwelle/face_0_Guido_Westerwelle_0001.jpg;374
/home/ubuntu/data/orig_detected_face/Allen_Iverson/face_0_Allen_Iverson_0002.jpg;375
/home/ubuntu/data/orig_detected_face/Allen_Iverson/face_0_Allen_Iverson_0001.jpg;375
/home/ubuntu/data/orig_detected_face/Kosuke_Kitajima/face_0_Kosuke_Kitajima_0001.jpg;376
/home/ubuntu/data/orig_detected_face/Aron_Ralston/face_0_Aron_Ralston_0001.jpg;377
/home/ubuntu/data/orig_detected_face/Aron_Ralston/face_0_Aron_Ralston_0002.jpg;377
/home/ubuntu/data/orig_detected_face/Chung_Mong-hun/face_0_Chung_Mong-hun_0002.jpg;378
/home/ubuntu/data/orig_detected_face/Chung_Mong-hun/face_1_Chung_Mong-hun_0002.jpg;378
/home/ubuntu/data/orig_detected_face/Chung_Mong-hun/face_0_Chung_Mong-hun_0001.jpg;378
/home/ubuntu/data/orig_detected_face/Ferenc_Madl/face_0_Ferenc_Madl_0002.jpg;379
/home/ubuntu/data/orig_detected_face/Ferenc_Madl/face_0_Ferenc_Madl_0001.jpg;379
/home/ubuntu/data/orig_detected_face/Hichiro_Naemura/face_0_Hichiro_Naemura_0001.jpg;380
/home/ubuntu/data/orig_detected_face/Hichiro_Naemura/face_0_Hichiro_Naemura_0002.jpg;380
/home/ubuntu/data/orig_detected_face/Alexandra_Vodjanikova/face_0_Alexandra_Vodjanikova_0001.jpg;381
/home/ubuntu/data/orig_detected_face/Alexandra_Vodjanikova/face_0_Alexandra_Vodjanikova_0002.jpg;381
/home/ubuntu/data/orig_detected_face/Denise_Johnson/face_0_Denise_Johnson_0002.jpg;382
/home/ubuntu/data/orig_detected_face/Denise_Johnson/face_0_Denise_Johnson_0001.jpg;382
/home/ubuntu/data/orig_detected_face/Jim_Edmonds/face_0_Jim_Edmonds_0001.jpg;383
/home/ubuntu/data/orig_detected_face/Jim_Edmonds/face_0_Jim_Edmonds_0002.jpg;383
/home/ubuntu/data/orig_detected_face/Jorge_Arce/face_0_Jorge_Arce_0001.jpg;384
/home/ubuntu/data/orig_detected_face/Jorge_Arce/face_0_Jorge_Arce_0002.jpg;384
/home/ubuntu/data/orig_detected_face/Gregory_Geoffroy/face_0_Gregory_Geoffroy_0001.jpg;385
/home/ubuntu/data/orig_detected_face/Gregory_Geoffroy/face_0_Gregory_Geoffroy_0002.jpg;385
/home/ubuntu/data/orig_detected_face/John_F_Kennedy_Jr/face_0_John_F_Kennedy_Jr_0001.jpg;386
/home/ubuntu/data/orig_detected_face/John_F_Kennedy_Jr/face_0_John_F_Kennedy_Jr_0002.jpg;386
/home/ubuntu/data/orig_detected_face/Arnaud_Clement/face_0_Arnaud_Clement_0001.jpg;387
/home/ubuntu/data/orig_detected_face/Arnaud_Clement/non_face_0_Arnaud_Clement_0002.jpg;387
/home/ubuntu/data/orig_detected_face/Arnaud_Clement/face_1_Arnaud_Clement_0002.jpg;387
/home/ubuntu/data/orig_detected_face/Kevin_Stallings/face_0_Kevin_Stallings_0001.jpg;388
/home/ubuntu/data/orig_detected_face/Kevin_Stallings/face_0_Kevin_Stallings_0002.jpg;388
/home/ubuntu/data/orig_detected_face/Aaron_Sorkin/face_0_Aaron_Sorkin_0002.jpg;389
/home/ubuntu/data/orig_detected_face/Aaron_Sorkin/face_0_Aaron_Sorkin_0001.jpg;389
/home/ubuntu/data/orig_detected_face/James_Parker/face_0_James_Parker_0001.jpg;390
/home/ubuntu/data/orig_detected_face/James_Parker/face_0_James_Parker_0002.jpg;390
/home/ubuntu/data/orig_detected_face/Mark_Hamister/face_0_Mark_Hamister_0001.jpg;391
/home/ubuntu/data/orig_detected_face/Mark_Hamister/face_0_Mark_Hamister_0002.jpg;391
/home/ubuntu/data/orig_detected_face/Dino_de_Laurentis/face_0_Dino_de_Laurentis_0001.jpg;392
/home/ubuntu/data/orig_detected_face/Dino_de_Laurentis/face_0_Dino_de_Laurentis_0002.jpg;392
/home/ubuntu/data/orig_detected_face/Gro_Harlem_Brundtland/face_0_Gro_Harlem_Brundtland_0001.jpg;393
/home/ubuntu/data/orig_detected_face/Gro_Harlem_Brundtland/face_0_Gro_Harlem_Brundtland_0002.jpg;393
/home/ubuntu/data/orig_detected_face/Hashim_Thaci/face_0_Hashim_Thaci_0001.jpg;394
/home/ubuntu/data/orig_detected_face/Hashim_Thaci/face_0_Hashim_Thaci_0002.jpg;394
/home/ubuntu/data/orig_detected_face/Albrecht_Mentz/face_0_Albrecht_Mentz_0001.jpg;395
/home/ubuntu/data/orig_detected_face/Albrecht_Mentz/face_0_Albrecht_Mentz_0002.jpg;395
/home/ubuntu/data/orig_detected_face/Brian_Heidik/face_0_Brian_Heidik_0001.jpg;396
/home/ubuntu/data/orig_detected_face/Brian_Heidik/face_0_Brian_Heidik_0002.jpg;396
/home/ubuntu/data/orig_detected_face/Martha_Beatriz_Roque/face_0_Martha_Beatriz_Roque_0001.jpg;397
/home/ubuntu/data/orig_detected_face/Martha_Beatriz_Roque/face_0_Martha_Beatriz_Roque_0002.jpg;397
/home/ubuntu/data/orig_detected_face/Martha_Beatriz_Roque/face_1_Martha_Beatriz_Roque_0001.jpg;397
/home/ubuntu/data/orig_detected_face/Howard_Smith/face_0_Howard_Smith_0002.jpg;398
/home/ubuntu/data/orig_detected_face/Howard_Smith/face_0_Howard_Smith_0001.jpg;398
/home/ubuntu/data/orig_detected_face/James_Maguire/face_0_James_Maguire_0002.jpg;399
/home/ubuntu/data/orig_detected_face/James_Maguire/face_0_James_Maguire_0001.jpg;399
/home/ubuntu/data/orig_detected_face/Allison_Janney/non_face_0_Allison_Janney_0002.jpg;400
/home/ubuntu/data/orig_detected_face/Allison_Janney/face_0_Allison_Janney_0001.jpg;400
/home/ubuntu/data/orig_detected_face/Allison_Janney/face_1_Allison_Janney_0002.jpg;400
/home/ubuntu/data/orig_detected_face/Gabriel_Valdes/non_face_0_Gabriel_Valdes_0001.jpg;401
/home/ubuntu/data/orig_detected_face/Gabriel_Valdes/face_0_Gabriel_Valdes_0002.jpg;401
/home/ubuntu/data/orig_detected_face/Gabriel_Valdes/face_1_Gabriel_Valdes_0001.jpg;401
/home/ubuntu/data/orig_detected_face/Chris_Cooper/face_0_Chris_Cooper_0002.jpg;402
/home/ubuntu/data/orig_detected_face/Chris_Cooper/face_0_Chris_Cooper_0001.jpg;402
/home/ubuntu/data/orig_detected_face/John_Banko/face_0_John_Banko_0002.jpg;403
/home/ubuntu/data/orig_detected_face/John_Banko/face_0_John_Banko_0001.jpg;403
/home/ubuntu/data/orig_detected_face/Flavia_Delaroli/face_0_Flavia_Delaroli_0001.jpg;404
/home/ubuntu/data/orig_detected_face/Flavia_Delaroli/face_0_Flavia_Delaroli_0002.jpg;404
/home/ubuntu/data/orig_detected_face/Lindsay_Benko/face_0_Lindsay_Benko_0002.jpg;405
/home/ubuntu/data/orig_detected_face/Lindsay_Benko/face_0_Lindsay_Benko_0001.jpg;405
/home/ubuntu/data/orig_detected_face/Franko_Simatovic/face_0_Franko_Simatovic_0002.jpg;406
/home/ubuntu/data/orig_detected_face/Franko_Simatovic/face_0_Franko_Simatovic_0001.jpg;406
/home/ubuntu/data/orig_detected_face/Guillaume_Soro/face_0_Guillaume_Soro_0001.jpg;407
/home/ubuntu/data/orig_detected_face/Guillaume_Soro/face_0_Guillaume_Soro_0002.jpg;407
/home/ubuntu/data/orig_detected_face/Gary_Bergeron/face_0_Gary_Bergeron_0001.jpg;408
/home/ubuntu/data/orig_detected_face/Gary_Bergeron/face_0_Gary_Bergeron_0002.jpg;408
/home/ubuntu/data/orig_detected_face/Lily_Tomlin/face_0_Lily_Tomlin_0001.jpg;409
/home/ubuntu/data/orig_detected_face/Lily_Tomlin/face_0_Lily_Tomlin_0002.jpg;409
/home/ubuntu/data/orig_detected_face/Ellen_Engleman/face_0_Ellen_Engleman_0002.jpg;410
/home/ubuntu/data/orig_detected_face/Ellen_Engleman/face_0_Ellen_Engleman_0001.jpg;410
/home/ubuntu/data/orig_detected_face/Jose_Mourinho/face_0_Jose_Mourinho_0001.jpg;411
/home/ubuntu/data/orig_detected_face/Jose_Mourinho/face_0_Jose_Mourinho_0002.jpg;411
/home/ubuntu/data/orig_detected_face/Johnny_Unitas/face_0_Johnny_Unitas_0002.jpg;412
/home/ubuntu/data/orig_detected_face/Johnny_Unitas/face_0_Johnny_Unitas_0001.jpg;412
/home/ubuntu/data/orig_detected_face/Aldo_Paredes/face_0_Aldo_Paredes_0002.jpg;413
/home/ubuntu/data/orig_detected_face/Aldo_Paredes/face_0_Aldo_Paredes_0001.jpg;413
/home/ubuntu/data/orig_detected_face/Frank_Griswold/face_0_Frank_Griswold_0002.jpg;414
/home/ubuntu/data/orig_detected_face/Frank_Griswold/face_0_Frank_Griswold_0001.jpg;414
/home/ubuntu/data/orig_detected_face/Jamling_Norgay/face_0_Jamling_Norgay_0001.jpg;415
/home/ubuntu/data/orig_detected_face/Jamling_Norgay/face_0_Jamling_Norgay_0002.jpg;415
/home/ubuntu/data/orig_detected_face/Celso_Amorim/face_0_Celso_Amorim_0002.jpg;416
/home/ubuntu/data/orig_detected_face/Celso_Amorim/face_0_Celso_Amorim_0001.jpg;416
/home/ubuntu/data/orig_detected_face/David_Coulthard/face_0_David_Coulthard_0001.jpg;417
/home/ubuntu/data/orig_detected_face/David_Coulthard/face_0_David_Coulthard_0002.jpg;417
/home/ubuntu/data/orig_detected_face/Charles_Grassley/face_0_Charles_Grassley_0002.jpg;418
/home/ubuntu/data/orig_detected_face/Charles_Grassley/face_0_Charles_Grassley_0001.jpg;418
/home/ubuntu/data/orig_detected_face/Larry_Lucchino/face_0_Larry_Lucchino_0001.jpg;419
/home/ubuntu/data/orig_detected_face/Larry_Lucchino/face_0_Larry_Lucchino_0002.jpg;419
/home/ubuntu/data/orig_detected_face/Larry_Lucchino/face_1_Larry_Lucchino_0001.jpg;419
/home/ubuntu/data/orig_detected_face/Gary_Forsee/face_0_Gary_Forsee_0001.jpg;420
/home/ubuntu/data/orig_detected_face/Gary_Forsee/face_0_Gary_Forsee_0002.jpg;420
/home/ubuntu/data/orig_detected_face/Barry_Alvarez/face_0_Barry_Alvarez_0002.jpg;421
/home/ubuntu/data/orig_detected_face/Barry_Alvarez/face_0_Barry_Alvarez_0001.jpg;421
/home/ubuntu/data/orig_detected_face/Courtney_Love/face_0_Courtney_Love_0001.jpg;422
/home/ubuntu/data/orig_detected_face/Courtney_Love/face_0_Courtney_Love_0002.jpg;422
/home/ubuntu/data/orig_detected_face/Marie-Reine_Le_Gougne/face_0_Marie-Reine_Le_Gougne_0001.jpg;423
/home/ubuntu/data/orig_detected_face/Marie-Reine_Le_Gougne/face_0_Marie-Reine_Le_Gougne_0002.jpg;423
/home/ubuntu/data/orig_detected_face/Larry_Lindsey/face_0_Larry_Lindsey_0002.jpg;424
/home/ubuntu/data/orig_detected_face/Larry_Lindsey/face_0_Larry_Lindsey_0001.jpg;424
/home/ubuntu/data/orig_detected_face/Howard_Schultz/face_0_Howard_Schultz_0002.jpg;425
/home/ubuntu/data/orig_detected_face/Howard_Schultz/face_0_Howard_Schultz_0001.jpg;425
/home/ubuntu/data/orig_detected_face/Byron_Scott/face_0_Byron_Scott_0002.jpg;426
/home/ubuntu/data/orig_detected_face/Byron_Scott/face_0_Byron_Scott_0001.jpg;426
/home/ubuntu/data/orig_detected_face/Boris_Berezovsky/face_1_Boris_Berezovsky_0001.jpg;427
/home/ubuntu/data/orig_detected_face/Boris_Berezovsky/face_0_Boris_Berezovsky_0002.jpg;427
/home/ubuntu/data/orig_detected_face/Boris_Berezovsky/face_0_Boris_Berezovsky_0001.jpg;427
/home/ubuntu/data/orig_detected_face/Abdullatif_Sener/face_0_Abdullatif_Sener_0001.jpg;428
/home/ubuntu/data/orig_detected_face/Abdullatif_Sener/face_0_Abdullatif_Sener_0002.jpg;428
/home/ubuntu/data/orig_detected_face/Bo_Pelini/face_0_Bo_Pelini_0002.jpg;429
/home/ubuntu/data/orig_detected_face/Bo_Pelini/face_0_Bo_Pelini_0001.jpg;429
/home/ubuntu/data/orig_detected_face/Darren_Clarke/face_0_Darren_Clarke_0001.jpg;430
/home/ubuntu/data/orig_detected_face/Darren_Clarke/face_0_Darren_Clarke_0002.jpg;430
/home/ubuntu/data/orig_detected_face/John_Spencer/face_0_John_Spencer_0002.jpg;431
/home/ubuntu/data/orig_detected_face/John_Spencer/face_0_John_Spencer_0001.jpg;431
/home/ubuntu/data/orig_detected_face/Brian_Wells/face_0_Brian_Wells_0001.jpg;432
/home/ubuntu/data/orig_detected_face/Brian_Wells/face_0_Brian_Wells_0002.jpg;432
/home/ubuntu/data/orig_detected_face/Jolanta_Kwasniewski/face_0_Jolanta_Kwasniewski_0001.jpg;433
/home/ubuntu/data/orig_detected_face/Jolanta_Kwasniewski/face_0_Jolanta_Kwasniewski_0002.jpg;433
/home/ubuntu/data/orig_detected_face/Janet_Thorpe/face_0_Janet_Thorpe_0001.jpg;434
/home/ubuntu/data/orig_detected_face/Janet_Thorpe/face_0_Janet_Thorpe_0002.jpg;434
/home/ubuntu/data/orig_detected_face/Charlotte_Rampling/face_0_Charlotte_Rampling_0002.jpg;435
/home/ubuntu/data/orig_detected_face/Charlotte_Rampling/face_0_Charlotte_Rampling_0001.jpg;435
/home/ubuntu/data/orig_detected_face/Charlotte_Rampling/face_1_Charlotte_Rampling_0002.jpg;435
/home/ubuntu/data/orig_detected_face/Laura_Hernandez/face_0_Laura_Hernandez_0002.jpg;436
/home/ubuntu/data/orig_detected_face/Laura_Hernandez/face_0_Laura_Hernandez_0001.jpg;436
/home/ubuntu/data/orig_detected_face/Amanda_Coetzer/face_0_Amanda_Coetzer_0001.jpg;437
/home/ubuntu/data/orig_detected_face/Amanda_Coetzer/face_0_Amanda_Coetzer_0002.jpg;437
/home/ubuntu/data/orig_detected_face/Leonard_Hamilton/face_0_Leonard_Hamilton_0002.jpg;438
/home/ubuntu/data/orig_detected_face/Leonard_Hamilton/face_0_Leonard_Hamilton_0001.jpg;438
/home/ubuntu/data/orig_detected_face/Bill_Sizemore/face_0_Bill_Sizemore_0002.jpg;439
/home/ubuntu/data/orig_detected_face/Bill_Sizemore/face_0_Bill_Sizemore_0001.jpg;439
/home/ubuntu/data/orig_detected_face/Evander_Holyfield/face_0_Evander_Holyfield_0002.jpg;440
/home/ubuntu/data/orig_detected_face/Evander_Holyfield/face_0_Evander_Holyfield_0001.jpg;440
/home/ubuntu/data/orig_detected_face/Chris_Byrd/face_0_Chris_Byrd_0002.jpg;441
/home/ubuntu/data/orig_detected_face/Chris_Byrd/face_1_Chris_Byrd_0002.jpg;441
/home/ubuntu/data/orig_detected_face/Chris_Byrd/face_0_Chris_Byrd_0001.jpg;441
/home/ubuntu/data/orig_detected_face/Keira_Knightley/face_0_Keira_Knightley_0002.jpg;442
/home/ubuntu/data/orig_detected_face/Keira_Knightley/face_0_Keira_Knightley_0001.jpg;442
/home/ubuntu/data/orig_detected_face/Ahmet_Necdet_Sezer/face_0_Ahmet_Necdet_Sezer_0002.jpg;443
/home/ubuntu/data/orig_detected_face/Ahmet_Necdet_Sezer/face_0_Ahmet_Necdet_Sezer_0001.jpg;443
/home/ubuntu/data/orig_detected_face/Leander_Paes/face_0_Leander_Paes_0002.jpg;444
/home/ubuntu/data/orig_detected_face/Leander_Paes/face_0_Leander_Paes_0001.jpg;444
/home/ubuntu/data/orig_detected_face/Guillermo_Ortiz/face_0_Guillermo_Ortiz_0001.jpg;445
/home/ubuntu/data/orig_detected_face/Guillermo_Ortiz/face_0_Guillermo_Ortiz_0002.jpg;445
/home/ubuntu/data/orig_detected_face/Guillermo_Ortiz/face_1_Guillermo_Ortiz_0002.jpg;445
/home/ubuntu/data/orig_detected_face/Liu_Mingkang/face_0_Liu_Mingkang_0002.jpg;446
/home/ubuntu/data/orig_detected_face/Liu_Mingkang/face_0_Liu_Mingkang_0001.jpg;446
/home/ubuntu/data/orig_detected_face/Hamzah_Haz/face_0_Hamzah_Haz_0002.jpg;447
/home/ubuntu/data/orig_detected_face/Hamzah_Haz/face_1_Hamzah_Haz_0001.jpg;447
/home/ubuntu/data/orig_detected_face/Hamzah_Haz/face_0_Hamzah_Haz_0001.jpg;447
/home/ubuntu/data/orig_detected_face/Barry_Zito/face_0_Barry_Zito_0001.jpg;448
/home/ubuntu/data/orig_detected_face/Barry_Zito/face_0_Barry_Zito_0002.jpg;448
/home/ubuntu/data/orig_detected_face/Jane_Fonda/face_0_Jane_Fonda_0001.jpg;449
/home/ubuntu/data/orig_detected_face/Kirk_Ferentz/face_0_Kirk_Ferentz_0001.jpg;450
/home/ubuntu/data/orig_detected_face/Kirk_Ferentz/face_0_Kirk_Ferentz_0002.jpg;450
/home/ubuntu/data/orig_detected_face/Brigitte_Boisselier/face_0_Brigitte_Boisselier_0001.jpg;451
/home/ubuntu/data/orig_detected_face/Brigitte_Boisselier/face_0_Brigitte_Boisselier_0002.jpg;451
/home/ubuntu/data/orig_detected_face/Bill_Parcells/face_0_Bill_Parcells_0002.jpg;452
/home/ubuntu/data/orig_detected_face/Bill_Parcells/face_0_Bill_Parcells_0001.jpg;452
/home/ubuntu/data/orig_detected_face/Chris_Bell/face_0_Chris_Bell_0001.jpg;453
/home/ubuntu/data/orig_detected_face/Chris_Bell/face_0_Chris_Bell_0002.jpg;453
/home/ubuntu/data/orig_detected_face/Charles_Schumer/face_0_Charles_Schumer_0002.jpg;454
/home/ubuntu/data/orig_detected_face/Charles_Schumer/face_0_Charles_Schumer_0001.jpg;454
/home/ubuntu/data/orig_detected_face/Charles_Schumer/face_1_Charles_Schumer_0002.jpg;454
/home/ubuntu/data/orig_detected_face/Luiz_Felipe_Scolari/face_0_Luiz_Felipe_Scolari_0001.jpg;455
/home/ubuntu/data/orig_detected_face/Luiz_Felipe_Scolari/face_0_Luiz_Felipe_Scolari_0002.jpg;455
/home/ubuntu/data/orig_detected_face/Diana_Taurasi/face_0_Diana_Taurasi_0002.jpg;456
/home/ubuntu/data/orig_detected_face/Diana_Taurasi/face_0_Diana_Taurasi_0001.jpg;456
/home/ubuntu/data/orig_detected_face/Felix_Mantilla/face_0_Felix_Mantilla_0002.jpg;457
/home/ubuntu/data/orig_detected_face/Felix_Mantilla/face_0_Felix_Mantilla_0001.jpg;457
/home/ubuntu/data/orig_detected_face/Bob_Colvin/face_0_Bob_Colvin_0001.jpg;458
/home/ubuntu/data/orig_detected_face/Bob_Colvin/face_0_Bob_Colvin_0002.jpg;458
/home/ubuntu/data/orig_detected_face/Maggie_Smith/face_0_Maggie_Smith_0002.jpg;459
/home/ubuntu/data/orig_detected_face/Maggie_Smith/face_0_Maggie_Smith_0001.jpg;459
/home/ubuntu/data/orig_detected_face/Jorge_Rodolfo_Canicoba_Corral/face_0_Jorge_Rodolfo_Canicoba_Corral_0002.jpg;460
/home/ubuntu/data/orig_detected_face/Jorge_Rodolfo_Canicoba_Corral/face_0_Jorge_Rodolfo_Canicoba_Corral_0001.jpg;460
/home/ubuntu/data/orig_detected_face/Damon_van_Dam/face_0_Damon_van_Dam_0002.jpg;461
/home/ubuntu/data/orig_detected_face/Damon_van_Dam/face_0_Damon_van_Dam_0001.jpg;461
/home/ubuntu/data/orig_detected_face/Gillian_Anderson/face_0_Gillian_Anderson_0002.jpg;462
/home/ubuntu/data/orig_detected_face/Gillian_Anderson/face_0_Gillian_Anderson_0001.jpg;462
/home/ubuntu/data/orig_detected_face/Christopher_Patten/face_0_Christopher_Patten_0002.jpg;463
/home/ubuntu/data/orig_detected_face/Christopher_Patten/face_0_Christopher_Patten_0001.jpg;463
/home/ubuntu/data/orig_detected_face/Alberto_Fujimori/face_0_Alberto_Fujimori_0001.jpg;464
/home/ubuntu/data/orig_detected_face/Alberto_Fujimori/face_0_Alberto_Fujimori_0002.jpg;464
/home/ubuntu/data/orig_detected_face/Gary_Winnick/face_0_Gary_Winnick_0002.jpg;465
/home/ubuntu/data/orig_detected_face/Gary_Winnick/face_0_Gary_Winnick_0001.jpg;465
/home/ubuntu/data/orig_detected_face/Bob_Beauprez/face_0_Bob_Beauprez_0001.jpg;466
/home/ubuntu/data/orig_detected_face/Bob_Beauprez/face_0_Bob_Beauprez_0002.jpg;466
/home/ubuntu/data/orig_detected_face/Amber_Tamblyn/face_0_Amber_Tamblyn_0001.jpg;467
/home/ubuntu/data/orig_detected_face/Amber_Tamblyn/face_0_Amber_Tamblyn_0002.jpg;467
/home/ubuntu/data/orig_detected_face/Arye_Mekel/face_0_Arye_Mekel_0002.jpg;468
/home/ubuntu/data/orig_detected_face/Arye_Mekel/face_0_Arye_Mekel_0001.jpg;468
/home/ubuntu/data/orig_detected_face/Carl_Reiner/face_0_Carl_Reiner_0002.jpg;469
/home/ubuntu/data/orig_detected_face/Carl_Reiner/face_0_Carl_Reiner_0001.jpg;469
/home/ubuntu/data/orig_detected_face/Arantxa_Sanchez-Vicario/face_0_Arantxa_Sanchez-Vicario_0002.jpg;470
/home/ubuntu/data/orig_detected_face/Arantxa_Sanchez-Vicario/face_0_Arantxa_Sanchez-Vicario_0001.jpg;470
/home/ubuntu/data/orig_detected_face/Marissa_Jaret_Winokur/face_0_Marissa_Jaret_Winokur_0002.jpg;471
/home/ubuntu/data/orig_detected_face/Marissa_Jaret_Winokur/face_0_Marissa_Jaret_Winokur_0001.jpg;471
/home/ubuntu/data/orig_detected_face/Jason_Lezak/face_0_Jason_Lezak_0001.jpg;472
/home/ubuntu/data/orig_detected_face/Jason_Lezak/face_0_Jason_Lezak_0002.jpg;472
/home/ubuntu/data/orig_detected_face/Jean-Claude_Braquet/face_0_Jean-Claude_Braquet_0001.jpg;473
/home/ubuntu/data/orig_detected_face/Jean-Claude_Braquet/face_0_Jean-Claude_Braquet_0002.jpg;473
/home/ubuntu/data/orig_detected_face/Judy_Genshaft/face_0_Judy_Genshaft_0001.jpg;474
/home/ubuntu/data/orig_detected_face/Judy_Genshaft/face_0_Judy_Genshaft_0002.jpg;474
/home/ubuntu/data/orig_detected_face/Cathy_Freeman/face_0_Cathy_Freeman_0002.jpg;475
/home/ubuntu/data/orig_detected_face/Cathy_Freeman/face_0_Cathy_Freeman_0001.jpg;475
/home/ubuntu/data/orig_detected_face/Imad_Moustapha/face_0_Imad_Moustapha_0002.jpg;476
/home/ubuntu/data/orig_detected_face/Imad_Moustapha/face_0_Imad_Moustapha_0001.jpg;476
/home/ubuntu/data/orig_detected_face/Kenneth_Branagh/face_0_Kenneth_Branagh_0002.jpg;477
/home/ubuntu/data/orig_detected_face/Kenneth_Branagh/face_1_Kenneth_Branagh_0002.jpg;477
/home/ubuntu/data/orig_detected_face/Kenneth_Branagh/face_0_Kenneth_Branagh_0001.jpg;477
/home/ubuntu/data/orig_detected_face/Brooke_Shields/face_0_Brooke_Shields_0002.jpg;478
/home/ubuntu/data/orig_detected_face/Brooke_Shields/face_0_Brooke_Shields_0001.jpg;478
/home/ubuntu/data/orig_detected_face/Carolina_Moraes/face_0_Carolina_Moraes_0001.jpg;479
/home/ubuntu/data/orig_detected_face/Carolina_Moraes/face_0_Carolina_Moraes_0002.jpg;479
/home/ubuntu/data/orig_detected_face/Jonathan_Mostow/face_0_Jonathan_Mostow_0002.jpg;480
/home/ubuntu/data/orig_detected_face/Jonathan_Mostow/face_0_Jonathan_Mostow_0001.jpg;480
/home/ubuntu/data/orig_detected_face/Jeffrey_Immelt/face_0_Jeffrey_Immelt_0002.jpg;481
/home/ubuntu/data/orig_detected_face/Jeffrey_Immelt/face_0_Jeffrey_Immelt_0001.jpg;481
/home/ubuntu/data/orig_detected_face/Jose_Viegas_Filho/face_0_Jose_Viegas_Filho_0001.jpg;482
/home/ubuntu/data/orig_detected_face/Jose_Viegas_Filho/face_0_Jose_Viegas_Filho_0002.jpg;482
/home/ubuntu/data/orig_detected_face/Jose_Viegas_Filho/face_1_Jose_Viegas_Filho_0002.jpg;482
/home/ubuntu/data/orig_detected_face/Lana_Clarkson/face_0_Lana_Clarkson_0002.jpg;483
/home/ubuntu/data/orig_detected_face/Lana_Clarkson/face_0_Lana_Clarkson_0001.jpg;483
/home/ubuntu/data/orig_detected_face/Carla_Myers/face_0_Carla_Myers_0001.jpg;484
/home/ubuntu/data/orig_detected_face/Carla_Myers/face_0_Carla_Myers_0002.jpg;484
/home/ubuntu/data/orig_detected_face/Asa_Hutchinson/face_0_Asa_Hutchinson_0001.jpg;485
/home/ubuntu/data/orig_detected_face/Asa_Hutchinson/face_0_Asa_Hutchinson_0002.jpg;485
/home/ubuntu/data/orig_detected_face/Isaiah_Washington/face_0_Isaiah_Washington_0001.jpg;486
/home/ubuntu/data/orig_detected_face/Isaiah_Washington/face_0_Isaiah_Washington_0002.jpg;486
/home/ubuntu/data/orig_detected_face/John_Walsh/face_0_John_Walsh_0002.jpg;487
/home/ubuntu/data/orig_detected_face/John_Walsh/face_0_John_Walsh_0001.jpg;487
/home/ubuntu/data/orig_detected_face/Harry_Belafonte/face_0_Harry_Belafonte_0001.jpg;488
/home/ubuntu/data/orig_detected_face/Harry_Belafonte/face_0_Harry_Belafonte_0002.jpg;488
/home/ubuntu/data/orig_detected_face/Doug_Duncan/face_0_Doug_Duncan_0001.jpg;489
/home/ubuntu/data/orig_detected_face/Doug_Duncan/face_0_Doug_Duncan_0002.jpg;489
/home/ubuntu/data/orig_detected_face/Claire_Leger/face_0_Claire_Leger_0001.jpg;490
/home/ubuntu/data/orig_detected_face/Claire_Leger/face_0_Claire_Leger_0002.jpg;490
/home/ubuntu/data/orig_detected_face/Lynn_Abraham/face_0_Lynn_Abraham_0001.jpg;491
/home/ubuntu/data/orig_detected_face/Lynn_Abraham/face_0_Lynn_Abraham_0002.jpg;491
/home/ubuntu/data/orig_detected_face/Jessica_Lynch/non_face_0_Jessica_Lynch_0002.jpg;492
/home/ubuntu/data/orig_detected_face/Jessica_Lynch/face_1_Jessica_Lynch_0002.jpg;492
/home/ubuntu/data/orig_detected_face/Jessica_Lynch/face_0_Jessica_Lynch_0001.jpg;492
/home/ubuntu/data/orig_detected_face/Mark_Heller/face_0_Mark_Heller_0001.jpg;493
/home/ubuntu/data/orig_detected_face/Mark_Heller/face_0_Mark_Heller_0002.jpg;493
/home/ubuntu/data/orig_detected_face/Joseph_Ralston/face_0_Joseph_Ralston_0002.jpg;494
/home/ubuntu/data/orig_detected_face/Joseph_Ralston/face_0_Joseph_Ralston_0001.jpg;494
/home/ubuntu/data/orig_detected_face/Cesar_Maia/face_0_Cesar_Maia_0001.jpg;495
/home/ubuntu/data/orig_detected_face/Cesar_Maia/face_0_Cesar_Maia_0002.jpg;495
/home/ubuntu/data/orig_detected_face/Job_Cohen/face_0_Job_Cohen_0001.jpg;496
/home/ubuntu/data/orig_detected_face/Job_Cohen/face_0_Job_Cohen_0002.jpg;496
/home/ubuntu/data/orig_detected_face/Hassan_Wirajuda/face_0_Hassan_Wirajuda_0001.jpg;497
/home/ubuntu/data/orig_detected_face/Hassan_Wirajuda/face_0_Hassan_Wirajuda_0002.jpg;497
/home/ubuntu/data/orig_detected_face/Eva_Dimas/face_0_Eva_Dimas_0002.jpg;498
/home/ubuntu/data/orig_detected_face/Eva_Dimas/face_0_Eva_Dimas_0001.jpg;498
/home/ubuntu/data/orig_detected_face/John_Taylor/face_0_John_Taylor_0001.jpg;499
/home/ubuntu/data/orig_detected_face/John_Taylor/face_1_John_Taylor_0001.jpg;499
/home/ubuntu/data/orig_detected_face/John_Taylor/face_0_John_Taylor_0002.jpg;499
