/home/ubuntu/data/orig3_biggest/Ana_Palacio/face_0_Ana_Palacio_0002.jpg;0
/home/ubuntu/data/orig3_biggest/Ana_Palacio/face_0_Ana_Palacio_0001.jpg;0
/home/ubuntu/data/orig3_biggest/Ana_Palacio/face_0_Ana_Palacio_0003.jpg;0
/home/ubuntu/data/orig3_biggest/Alvaro_Silva_Calderon/face_0_Alvaro_Silva_Calderon_0001.jpg;1
/home/ubuntu/data/orig3_biggest/Alvaro_Silva_Calderon/face_0_Alvaro_Silva_Calderon_0003.jpg;1
/home/ubuntu/data/orig3_biggest/Alvaro_Silva_Calderon/face_0_Alvaro_Silva_Calderon_0002.jpg;1
/home/ubuntu/data/orig3_biggest/Candie_Kung/face_0_Candie_Kung_0001.jpg;2
/home/ubuntu/data/orig3_biggest/Candie_Kung/face_0_Candie_Kung_0003.jpg;2
/home/ubuntu/data/orig3_biggest/Candie_Kung/face_0_Candie_Kung_0002.jpg;2
/home/ubuntu/data/orig3_biggest/Carlos_Moya/face_0_Carlos_Moya_0003.jpg;3
/home/ubuntu/data/orig3_biggest/Carlos_Moya/face_0_Carlos_Moya_0002.jpg;3
/home/ubuntu/data/orig3_biggest/Carlos_Moya/face_0_Carlos_Moya_0001.jpg;3
/home/ubuntu/data/orig3_biggest/Chen_Shui-bian/face_0_Chen_Shui-bian_0001.jpg;4
/home/ubuntu/data/orig3_biggest/Chen_Shui-bian/face_0_Chen_Shui-bian_0003.jpg;4
/home/ubuntu/data/orig3_biggest/Chen_Shui-bian/face_0_Chen_Shui-bian_0002.jpg;4
/home/ubuntu/data/orig3_biggest/Andy_Roddick/face_0_Andy_Roddick_0001.jpg;5
/home/ubuntu/data/orig3_biggest/Andy_Roddick/face_0_Andy_Roddick_0003.jpg;5
/home/ubuntu/data/orig3_biggest/Andy_Roddick/face_0_Andy_Roddick_0002.jpg;5
/home/ubuntu/data/orig3_biggest/Goldie_Hawn/face_0_Goldie_Hawn_0003.jpg;6
/home/ubuntu/data/orig3_biggest/Goldie_Hawn/face_0_Goldie_Hawn_0002.jpg;6
/home/ubuntu/data/orig3_biggest/Goldie_Hawn/face_0_Goldie_Hawn_0001.jpg;6
/home/ubuntu/data/orig3_biggest/Evan_Rachel_Wood/face_0_Evan_Rachel_Wood_0001.jpg;7
/home/ubuntu/data/orig3_biggest/Evan_Rachel_Wood/face_0_Evan_Rachel_Wood_0003.jpg;7
/home/ubuntu/data/orig3_biggest/Evan_Rachel_Wood/face_0_Evan_Rachel_Wood_0002.jpg;7
/home/ubuntu/data/orig3_biggest/Elton_John/face_0_Elton_John_0001.jpg;8
/home/ubuntu/data/orig3_biggest/Elton_John/face_0_Elton_John_0002.jpg;8
/home/ubuntu/data/orig3_biggest/Elton_John/face_0_Elton_John_0003.jpg;8
/home/ubuntu/data/orig3_biggest/Dean_Barkley/face_0_Dean_Barkley_0002.jpg;9
/home/ubuntu/data/orig3_biggest/Dean_Barkley/face_0_Dean_Barkley_0001.jpg;9
/home/ubuntu/data/orig3_biggest/Dean_Barkley/face_0_Dean_Barkley_0003.jpg;9
/home/ubuntu/data/orig3_biggest/Eduard_Shevardnadze/face_0_Eduard_Shevardnadze_0001.jpg;10
/home/ubuntu/data/orig3_biggest/Eduard_Shevardnadze/face_0_Eduard_Shevardnadze_0002.jpg;10
/home/ubuntu/data/orig3_biggest/Eduard_Shevardnadze/face_0_Eduard_Shevardnadze_0003.jpg;10
/home/ubuntu/data/orig3_biggest/Aaron_Peirsol/face_0_Aaron_Peirsol_0003.jpg;11
/home/ubuntu/data/orig3_biggest/Aaron_Peirsol/face_0_Aaron_Peirsol_0002.jpg;11
/home/ubuntu/data/orig3_biggest/Aaron_Peirsol/face_0_Aaron_Peirsol_0001.jpg;11
/home/ubuntu/data/orig3_biggest/Bill_Paxton/face_0_Bill_Paxton_0001.jpg;12
/home/ubuntu/data/orig3_biggest/Bill_Paxton/face_0_Bill_Paxton_0003.jpg;12
/home/ubuntu/data/orig3_biggest/Bill_Paxton/face_0_Bill_Paxton_0002.jpg;12
/home/ubuntu/data/orig3_biggest/Carlos_Vives/face_0_Carlos_Vives_0001.jpg;13
/home/ubuntu/data/orig3_biggest/Carlos_Vives/face_0_Carlos_Vives_0003.jpg;13
/home/ubuntu/data/orig3_biggest/Carlos_Vives/face_0_Carlos_Vives_0002.jpg;13
/home/ubuntu/data/orig3_biggest/Ashton_Kutcher/face_0_Ashton_Kutcher_0001.jpg;14
/home/ubuntu/data/orig3_biggest/Ashton_Kutcher/face_0_Ashton_Kutcher_0002.jpg;14
/home/ubuntu/data/orig3_biggest/Ashton_Kutcher/face_0_Ashton_Kutcher_0003.jpg;14
/home/ubuntu/data/orig3_biggest/Bruce_Springsteen/face_0_Bruce_Springsteen_0001.jpg;15
/home/ubuntu/data/orig3_biggest/Bruce_Springsteen/face_0_Bruce_Springsteen_0002.jpg;15
/home/ubuntu/data/orig3_biggest/Bruce_Springsteen/face_0_Bruce_Springsteen_0003.jpg;15
/home/ubuntu/data/orig3_biggest/Ben_Affleck/face_0_Ben_Affleck_0002.jpg;16
/home/ubuntu/data/orig3_biggest/Ben_Affleck/face_0_Ben_Affleck_0001.jpg;16
/home/ubuntu/data/orig3_biggest/Ben_Affleck/face_0_Ben_Affleck_0003.jpg;16
/home/ubuntu/data/orig3_biggest/Akbar_Hashemi_Rafsanjani/face_0_Akbar_Hashemi_Rafsanjani_0003.jpg;17
/home/ubuntu/data/orig3_biggest/Akbar_Hashemi_Rafsanjani/face_0_Akbar_Hashemi_Rafsanjani_0002.jpg;17
/home/ubuntu/data/orig3_biggest/Akbar_Hashemi_Rafsanjani/face_0_Akbar_Hashemi_Rafsanjani_0001.jpg;17
/home/ubuntu/data/orig3_biggest/Christopher_Walken/face_0_Christopher_Walken_0002.jpg;18
/home/ubuntu/data/orig3_biggest/Christopher_Walken/face_0_Christopher_Walken_0001.jpg;18
/home/ubuntu/data/orig3_biggest/Christopher_Walken/face_0_Christopher_Walken_0003.jpg;18
/home/ubuntu/data/orig3_biggest/Helen_Clark/face_0_Helen_Clark_0003.jpg;19
/home/ubuntu/data/orig3_biggest/Helen_Clark/face_0_Helen_Clark_0001.jpg;19
/home/ubuntu/data/orig3_biggest/Helen_Clark/face_0_Helen_Clark_0002.jpg;19
/home/ubuntu/data/orig3_biggest/Amanda_Bynes/face_0_Amanda_Bynes_0003.jpg;20
/home/ubuntu/data/orig3_biggest/Amanda_Bynes/face_0_Amanda_Bynes_0002.jpg;20
/home/ubuntu/data/orig3_biggest/Amanda_Bynes/face_0_Amanda_Bynes_0001.jpg;20
/home/ubuntu/data/orig3_biggest/Fayssal_Mekdad/face_0_Fayssal_Mekdad_0002.jpg;21
/home/ubuntu/data/orig3_biggest/Fayssal_Mekdad/face_0_Fayssal_Mekdad_0001.jpg;21
/home/ubuntu/data/orig3_biggest/Fayssal_Mekdad/face_0_Fayssal_Mekdad_0003.jpg;21
/home/ubuntu/data/orig3_biggest/Edward_Kennedy/face_0_Edward_Kennedy_0002.jpg;22
/home/ubuntu/data/orig3_biggest/Edward_Kennedy/face_0_Edward_Kennedy_0003.jpg;22
/home/ubuntu/data/orig3_biggest/Edward_Kennedy/face_0_Edward_Kennedy_0001.jpg;22
/home/ubuntu/data/orig3_biggest/Demi_Moore/face_0_Demi_Moore_0003.jpg;23
/home/ubuntu/data/orig3_biggest/Demi_Moore/face_0_Demi_Moore_0002.jpg;23
/home/ubuntu/data/orig3_biggest/Demi_Moore/face_0_Demi_Moore_0001.jpg;23
/home/ubuntu/data/orig3_biggest/Chick_Hearn/face_0_Chick_Hearn_0003.jpg;24
/home/ubuntu/data/orig3_biggest/Chick_Hearn/face_0_Chick_Hearn_0002.jpg;24
/home/ubuntu/data/orig3_biggest/Chick_Hearn/face_0_Chick_Hearn_0001.jpg;24
/home/ubuntu/data/orig3_biggest/Faye_Dunaway/face_0_Faye_Dunaway_0003.jpg;25
/home/ubuntu/data/orig3_biggest/Faye_Dunaway/face_0_Faye_Dunaway_0001.jpg;25
/home/ubuntu/data/orig3_biggest/Faye_Dunaway/face_0_Faye_Dunaway_0002.jpg;25
/home/ubuntu/data/orig3_biggest/Condoleezza_Rice/face_0_Condoleezza_Rice_0002.jpg;26
/home/ubuntu/data/orig3_biggest/Condoleezza_Rice/face_0_Condoleezza_Rice_0001.jpg;26
/home/ubuntu/data/orig3_biggest/Condoleezza_Rice/face_0_Condoleezza_Rice_0003.jpg;26
/home/ubuntu/data/orig3_biggest/Anders_Fogh_Rasmussen/face_0_Anders_Fogh_Rasmussen_0002.jpg;27
/home/ubuntu/data/orig3_biggest/Anders_Fogh_Rasmussen/face_0_Anders_Fogh_Rasmussen_0001.jpg;27
/home/ubuntu/data/orig3_biggest/Anders_Fogh_Rasmussen/face_0_Anders_Fogh_Rasmussen_0003.jpg;27
/home/ubuntu/data/orig3_biggest/Bono/face_0_Bono_0003.jpg;28
/home/ubuntu/data/orig3_biggest/Bono/face_0_Bono_0002.jpg;28
/home/ubuntu/data/orig3_biggest/Bono/face_0_Bono_0001.jpg;28
/home/ubuntu/data/orig3_biggest/Guillermo_Canas/face_0_Guillermo_Canas_0003.jpg;29
/home/ubuntu/data/orig3_biggest/Guillermo_Canas/face_0_Guillermo_Canas_0002.jpg;29
/home/ubuntu/data/orig3_biggest/Guillermo_Canas/face_0_Guillermo_Canas_0001.jpg;29
/home/ubuntu/data/orig3_biggest/Atal_Bihari_Vajpayee/face_0_Atal_Bihari_Vajpayee_0002.jpg;30
/home/ubuntu/data/orig3_biggest/Atal_Bihari_Vajpayee/face_0_Atal_Bihari_Vajpayee_0003.jpg;30
/home/ubuntu/data/orig3_biggest/Atal_Bihari_Vajpayee/face_0_Atal_Bihari_Vajpayee_0001.jpg;30
/home/ubuntu/data/orig3_biggest/Akhmed_Zakayev/face_0_Akhmed_Zakayev_0003.jpg;31
/home/ubuntu/data/orig3_biggest/Akhmed_Zakayev/face_0_Akhmed_Zakayev_0001.jpg;31
/home/ubuntu/data/orig3_biggest/Akhmed_Zakayev/face_0_Akhmed_Zakayev_0002.jpg;31
/home/ubuntu/data/orig3_biggest/Ann_Veneman/face_0_Ann_Veneman_0002.jpg;32
/home/ubuntu/data/orig3_biggest/Ann_Veneman/face_0_Ann_Veneman_0003.jpg;32
/home/ubuntu/data/orig3_biggest/Ann_Veneman/face_0_Ann_Veneman_0001.jpg;32
/home/ubuntu/data/orig3_biggest/George_Papandreou/face_0_George_Papandreou_0003.jpg;33
/home/ubuntu/data/orig3_biggest/George_Papandreou/face_0_George_Papandreou_0002.jpg;33
/home/ubuntu/data/orig3_biggest/George_Papandreou/face_0_George_Papandreou_0001.jpg;33
/home/ubuntu/data/orig3_biggest/Hillary_Clinton/face_0_Hillary_Clinton_0003.jpg;34
/home/ubuntu/data/orig3_biggest/Hillary_Clinton/face_0_Hillary_Clinton_0002.jpg;34
/home/ubuntu/data/orig3_biggest/Hillary_Clinton/face_0_Hillary_Clinton_0001.jpg;34
/home/ubuntu/data/orig3_biggest/Bill_McBride/face_0_Bill_McBride_0002.jpg;35
/home/ubuntu/data/orig3_biggest/Bill_McBride/face_0_Bill_McBride_0003.jpg;35
/home/ubuntu/data/orig3_biggest/Bill_McBride/face_0_Bill_McBride_0001.jpg;35
/home/ubuntu/data/orig3_biggest/Don_Siegelman/face_0_Don_Siegelman_0001.jpg;36
/home/ubuntu/data/orig3_biggest/Don_Siegelman/face_0_Don_Siegelman_0002.jpg;36
/home/ubuntu/data/orig3_biggest/Don_Siegelman/face_0_Don_Siegelman_0003.jpg;36
/home/ubuntu/data/orig3_biggest/Bill_Frist/face_0_Bill_Frist_0002.jpg;37
/home/ubuntu/data/orig3_biggest/Bill_Frist/face_0_Bill_Frist_0003.jpg;37
/home/ubuntu/data/orig3_biggest/Bill_Frist/face_0_Bill_Frist_0001.jpg;37
/home/ubuntu/data/orig3_biggest/Branko_Crvenkovski/face_0_Branko_Crvenkovski_0003.jpg;38
/home/ubuntu/data/orig3_biggest/Branko_Crvenkovski/face_0_Branko_Crvenkovski_0001.jpg;38
/home/ubuntu/data/orig3_biggest/Branko_Crvenkovski/face_0_Branko_Crvenkovski_0002.jpg;38
/home/ubuntu/data/orig3_biggest/Erika_Harold/face_0_Erika_Harold_0003.jpg;39
/home/ubuntu/data/orig3_biggest/Erika_Harold/face_0_Erika_Harold_0001.jpg;39
/home/ubuntu/data/orig3_biggest/Erika_Harold/face_0_Erika_Harold_0002.jpg;39
/home/ubuntu/data/orig3_biggest/Carlo_Ancelotti/face_0_Carlo_Ancelotti_0003.jpg;40
/home/ubuntu/data/orig3_biggest/Carlo_Ancelotti/face_0_Carlo_Ancelotti_0001.jpg;40
/home/ubuntu/data/orig3_biggest/Carlo_Ancelotti/face_0_Carlo_Ancelotti_0002.jpg;40
/home/ubuntu/data/orig3_biggest/George_Clooney/face_0_George_Clooney_0003.jpg;41
/home/ubuntu/data/orig3_biggest/George_Clooney/face_0_George_Clooney_0001.jpg;41
/home/ubuntu/data/orig3_biggest/Arianna_Huffington/face_0_Arianna_Huffington_0001.jpg;42
/home/ubuntu/data/orig3_biggest/Arianna_Huffington/face_0_Arianna_Huffington_0003.jpg;42
/home/ubuntu/data/orig3_biggest/Arianna_Huffington/face_0_Arianna_Huffington_0002.jpg;42
/home/ubuntu/data/orig3_biggest/Angela_Bassett/face_0_Angela_Bassett_0002.jpg;43
/home/ubuntu/data/orig3_biggest/Angela_Bassett/face_0_Angela_Bassett_0001.jpg;43
/home/ubuntu/data/orig3_biggest/Angela_Bassett/face_0_Angela_Bassett_0003.jpg;43
/home/ubuntu/data/orig3_biggest/Bulent_Ecevit/face_0_Bulent_Ecevit_0002.jpg;44
/home/ubuntu/data/orig3_biggest/Bulent_Ecevit/face_0_Bulent_Ecevit_0003.jpg;44
/home/ubuntu/data/orig3_biggest/Bulent_Ecevit/face_0_Bulent_Ecevit_0001.jpg;44
/home/ubuntu/data/orig3_biggest/Gilberto_Rodriguez_Orejuela/face_0_Gilberto_Rodriguez_Orejuela_0002.jpg;45
/home/ubuntu/data/orig3_biggest/Gilberto_Rodriguez_Orejuela/face_0_Gilberto_Rodriguez_Orejuela_0001.jpg;45
/home/ubuntu/data/orig3_biggest/Gilberto_Rodriguez_Orejuela/face_0_Gilberto_Rodriguez_Orejuela_0003.jpg;45
/home/ubuntu/data/orig3_biggest/Dave_Campo/face_0_Dave_Campo_0003.jpg;46
/home/ubuntu/data/orig3_biggest/Dave_Campo/face_0_Dave_Campo_0002.jpg;46
/home/ubuntu/data/orig3_biggest/Dave_Campo/face_0_Dave_Campo_0001.jpg;46
/home/ubuntu/data/orig3_biggest/Arnold_Schwarzenegger/face_0_Arnold_Schwarzenegger_0001.jpg;47
/home/ubuntu/data/orig3_biggest/Arnold_Schwarzenegger/face_0_Arnold_Schwarzenegger_0002.jpg;47
/home/ubuntu/data/orig3_biggest/Arnold_Schwarzenegger/face_0_Arnold_Schwarzenegger_0003.jpg;47
/home/ubuntu/data/orig3_biggest/Giuseppe_Gibilisco/face_0_Giuseppe_Gibilisco_0003.jpg;48
/home/ubuntu/data/orig3_biggest/Giuseppe_Gibilisco/face_0_Giuseppe_Gibilisco_0002.jpg;48
/home/ubuntu/data/orig3_biggest/Giuseppe_Gibilisco/face_0_Giuseppe_Gibilisco_0001.jpg;48
/home/ubuntu/data/orig3_biggest/Ashanti/face_0_Ashanti_0002.jpg;49
/home/ubuntu/data/orig3_biggest/Ashanti/face_0_Ashanti_0001.jpg;49
/home/ubuntu/data/orig3_biggest/Ashanti/face_0_Ashanti_0003.jpg;49
/home/ubuntu/data/orig3_biggest/Bernard_Landry/face_0_Bernard_Landry_0003.jpg;50
/home/ubuntu/data/orig3_biggest/Bernard_Landry/face_0_Bernard_Landry_0001.jpg;50
/home/ubuntu/data/orig3_biggest/Bernard_Landry/face_0_Bernard_Landry_0002.jpg;50
/home/ubuntu/data/orig3_biggest/Alastair_Campbell/face_0_Alastair_Campbell_0003.jpg;51
/home/ubuntu/data/orig3_biggest/Alastair_Campbell/face_0_Alastair_Campbell_0002.jpg;51
/home/ubuntu/data/orig3_biggest/Alastair_Campbell/face_0_Alastair_Campbell_0001.jpg;51
/home/ubuntu/data/orig3_biggest/Christine_Gregoire/face_0_Christine_Gregoire_0001.jpg;52
/home/ubuntu/data/orig3_biggest/Christine_Gregoire/face_0_Christine_Gregoire_0003.jpg;52
/home/ubuntu/data/orig3_biggest/Christine_Gregoire/face_0_Christine_Gregoire_0002.jpg;52
/home/ubuntu/data/orig3_biggest/Diana_Munz/face_0_Diana_Munz_0003.jpg;53
/home/ubuntu/data/orig3_biggest/Diana_Munz/face_0_Diana_Munz_0002.jpg;53
/home/ubuntu/data/orig3_biggest/Diana_Munz/face_0_Diana_Munz_0001.jpg;53
/home/ubuntu/data/orig3_biggest/Erin_Runnion/face_0_Erin_Runnion_0001.jpg;54
/home/ubuntu/data/orig3_biggest/Erin_Runnion/face_0_Erin_Runnion_0003.jpg;54
/home/ubuntu/data/orig3_biggest/Erin_Runnion/face_0_Erin_Runnion_0002.jpg;54
/home/ubuntu/data/orig3_biggest/Al_Sharpton/face_0_Al_Sharpton_0003.jpg;55
/home/ubuntu/data/orig3_biggest/Al_Sharpton/face_0_Al_Sharpton_0002.jpg;55
/home/ubuntu/data/orig3_biggest/Al_Sharpton/face_0_Al_Sharpton_0001.jpg;55
/home/ubuntu/data/orig3_biggest/Carla_Del_Ponte/face_0_Carla_Del_Ponte_0001.jpg;56
/home/ubuntu/data/orig3_biggest/Carla_Del_Ponte/face_0_Carla_Del_Ponte_0002.jpg;56
/home/ubuntu/data/orig3_biggest/Carla_Del_Ponte/face_0_Carla_Del_Ponte_0003.jpg;56
/home/ubuntu/data/orig3_biggest/George_Lopez/face_0_George_Lopez_0002.jpg;57
/home/ubuntu/data/orig3_biggest/George_Lopez/face_0_George_Lopez_0003.jpg;57
/home/ubuntu/data/orig3_biggest/George_Lopez/face_0_George_Lopez_0001.jpg;57
/home/ubuntu/data/orig3_biggest/Charlton_Heston/face_0_Charlton_Heston_0001.jpg;58
/home/ubuntu/data/orig3_biggest/Charlton_Heston/face_0_Charlton_Heston_0003.jpg;58
/home/ubuntu/data/orig3_biggest/Charlton_Heston/face_0_Charlton_Heston_0002.jpg;58
/home/ubuntu/data/orig3_biggest/Dale_Earnhardt_Jr/face_0_Dale_Earnhardt_Jr_0003.jpg;59
/home/ubuntu/data/orig3_biggest/Dale_Earnhardt_Jr/face_0_Dale_Earnhardt_Jr_0002.jpg;59
/home/ubuntu/data/orig3_biggest/Dale_Earnhardt_Jr/face_0_Dale_Earnhardt_Jr_0001.jpg;59
/home/ubuntu/data/orig3_biggest/Alejandro_Toledo/face_0_Alejandro_Toledo_0001.jpg;60
/home/ubuntu/data/orig3_biggest/Alejandro_Toledo/face_0_Alejandro_Toledo_0003.jpg;60
/home/ubuntu/data/orig3_biggest/Alejandro_Toledo/face_0_Alejandro_Toledo_0002.jpg;60
/home/ubuntu/data/orig3_biggest/Guillermo_Coria/face_0_Guillermo_Coria_0001.jpg;61
/home/ubuntu/data/orig3_biggest/Guillermo_Coria/face_0_Guillermo_Coria_0003.jpg;61
/home/ubuntu/data/orig3_biggest/Guillermo_Coria/face_0_Guillermo_Coria_0002.jpg;61
/home/ubuntu/data/orig3_biggest/Anders_Ebbeson/face_0_Anders_Ebbeson_0003.jpg;62
/home/ubuntu/data/orig3_biggest/Anders_Ebbeson/face_0_Anders_Ebbeson_0002.jpg;62
/home/ubuntu/data/orig3_biggest/Anders_Ebbeson/face_0_Anders_Ebbeson_0001.jpg;62
/home/ubuntu/data/orig3_biggest/Fernando_Gonzalez/face_0_Fernando_Gonzalez_0003.jpg;63
/home/ubuntu/data/orig3_biggest/Fernando_Gonzalez/face_0_Fernando_Gonzalez_0002.jpg;63
/home/ubuntu/data/orig3_biggest/Fernando_Gonzalez/face_0_Fernando_Gonzalez_0001.jpg;63
/home/ubuntu/data/orig3_biggest/Gil_de_Ferran/face_0_Gil_de_Ferran_0003.jpg;64
/home/ubuntu/data/orig3_biggest/Gil_de_Ferran/face_0_Gil_de_Ferran_0002.jpg;64
/home/ubuntu/data/orig3_biggest/Gil_de_Ferran/face_0_Gil_de_Ferran_0001.jpg;64
/home/ubuntu/data/orig3_biggest/Claire_Danes/face_0_Claire_Danes_0002.jpg;65
/home/ubuntu/data/orig3_biggest/Claire_Danes/face_0_Claire_Danes_0003.jpg;65
/home/ubuntu/data/orig3_biggest/Claire_Danes/face_0_Claire_Danes_0001.jpg;65
/home/ubuntu/data/orig3_biggest/Herb_Sendek/face_0_Herb_Sendek_0003.jpg;66
/home/ubuntu/data/orig3_biggest/Herb_Sendek/face_0_Herb_Sendek_0001.jpg;66
/home/ubuntu/data/orig3_biggest/Herb_Sendek/face_0_Herb_Sendek_0002.jpg;66
/home/ubuntu/data/orig3_biggest/Bertie_Ahern/face_0_Bertie_Ahern_0001.jpg;67
/home/ubuntu/data/orig3_biggest/Bertie_Ahern/face_0_Bertie_Ahern_0002.jpg;67
/home/ubuntu/data/orig3_biggest/Bertie_Ahern/face_0_Bertie_Ahern_0003.jpg;67
/home/ubuntu/data/orig3_biggest/GL_Peiris/face_0_GL_Peiris_0002.jpg;68
/home/ubuntu/data/orig3_biggest/GL_Peiris/face_0_GL_Peiris_0001.jpg;68
/home/ubuntu/data/orig3_biggest/GL_Peiris/face_0_GL_Peiris_0003.jpg;68
/home/ubuntu/data/orig3_biggest/Edmund_Stoiber/face_0_Edmund_Stoiber_0002.jpg;69
/home/ubuntu/data/orig3_biggest/Edmund_Stoiber/face_0_Edmund_Stoiber_0003.jpg;69
/home/ubuntu/data/orig3_biggest/Edmund_Stoiber/face_0_Edmund_Stoiber_0001.jpg;69
/home/ubuntu/data/orig3_biggest/Hector_Babenco/face_0_Hector_Babenco_0001.jpg;70
/home/ubuntu/data/orig3_biggest/Hector_Babenco/face_0_Hector_Babenco_0003.jpg;70
/home/ubuntu/data/orig3_biggest/Hector_Babenco/face_0_Hector_Babenco_0002.jpg;70
/home/ubuntu/data/orig3_biggest/Bijan_Darvish/face_0_Bijan_Darvish_0002.jpg;71
/home/ubuntu/data/orig3_biggest/Bijan_Darvish/face_0_Bijan_Darvish_0001.jpg;71
/home/ubuntu/data/orig3_biggest/Bijan_Darvish/face_0_Bijan_Darvish_0003.jpg;71
/home/ubuntu/data/orig3_biggest/Elizabeth_Dole/face_0_Elizabeth_Dole_0001.jpg;72
/home/ubuntu/data/orig3_biggest/Elizabeth_Dole/face_0_Elizabeth_Dole_0003.jpg;72
/home/ubuntu/data/orig3_biggest/Elizabeth_Dole/face_0_Elizabeth_Dole_0002.jpg;72
/home/ubuntu/data/orig3_biggest/Abdullah_Gul/face_0_Abdullah_Gul_0001.jpg;73
/home/ubuntu/data/orig3_biggest/Abdullah_Gul/face_0_Abdullah_Gul_0003.jpg;73
/home/ubuntu/data/orig3_biggest/Abdullah_Gul/face_0_Abdullah_Gul_0002.jpg;73
/home/ubuntu/data/orig3_biggest/Amer_al-Saadi/face_0_Amer_al-Saadi_0003.jpg;74
/home/ubuntu/data/orig3_biggest/Amer_al-Saadi/face_0_Amer_al-Saadi_0002.jpg;74
/home/ubuntu/data/orig3_biggest/Amer_al-Saadi/face_0_Amer_al-Saadi_0001.jpg;74
/home/ubuntu/data/orig3_biggest/George_Voinovich/face_0_George_Voinovich_0001.jpg;75
/home/ubuntu/data/orig3_biggest/George_Voinovich/face_0_George_Voinovich_0002.jpg;75
/home/ubuntu/data/orig3_biggest/George_Voinovich/face_0_George_Voinovich_0003.jpg;75
/home/ubuntu/data/orig3_biggest/Elijah_Wood/face_0_Elijah_Wood_0003.jpg;76
/home/ubuntu/data/orig3_biggest/Elijah_Wood/face_0_Elijah_Wood_0001.jpg;76
/home/ubuntu/data/orig3_biggest/Elijah_Wood/face_0_Elijah_Wood_0002.jpg;76
/home/ubuntu/data/orig3_biggest/Gloria_Trevi/face_0_Gloria_Trevi_0002.jpg;77
/home/ubuntu/data/orig3_biggest/Gloria_Trevi/face_0_Gloria_Trevi_0003.jpg;77
/home/ubuntu/data/orig3_biggest/Gloria_Trevi/face_0_Gloria_Trevi_0001.jpg;77
/home/ubuntu/data/orig3_biggest/Christian_Longo/face_0_Christian_Longo_0003.jpg;78
/home/ubuntu/data/orig3_biggest/Christian_Longo/face_0_Christian_Longo_0001.jpg;78
/home/ubuntu/data/orig3_biggest/Christian_Longo/face_0_Christian_Longo_0002.jpg;78
/home/ubuntu/data/orig3_biggest/Costas_Simitis/face_0_Costas_Simitis_0002.jpg;79
/home/ubuntu/data/orig3_biggest/Costas_Simitis/face_0_Costas_Simitis_0003.jpg;79
/home/ubuntu/data/orig3_biggest/Costas_Simitis/face_0_Costas_Simitis_0001.jpg;79
/home/ubuntu/data/orig3_biggest/Christine_Todd_Whitman/face_0_Christine_Todd_Whitman_0002.jpg;80
/home/ubuntu/data/orig3_biggest/Christine_Todd_Whitman/face_0_Christine_Todd_Whitman_0003.jpg;80
/home/ubuntu/data/orig3_biggest/Christine_Todd_Whitman/face_0_Christine_Todd_Whitman_0001.jpg;80
/home/ubuntu/data/orig3_biggest/Heizo_Takenaka/face_0_Heizo_Takenaka_0003.jpg;81
/home/ubuntu/data/orig3_biggest/Heizo_Takenaka/face_0_Heizo_Takenaka_0002.jpg;81
/home/ubuntu/data/orig3_biggest/Heizo_Takenaka/face_0_Heizo_Takenaka_0001.jpg;81
/home/ubuntu/data/orig3_biggest/Bill_Callahan/face_0_Bill_Callahan_0003.jpg;82
/home/ubuntu/data/orig3_biggest/Bill_Callahan/face_0_Bill_Callahan_0001.jpg;82
/home/ubuntu/data/orig3_biggest/Bill_Callahan/face_0_Bill_Callahan_0002.jpg;82
/home/ubuntu/data/orig3_biggest/Hipolito_Mejia/face_0_Hipolito_Mejia_0001.jpg;83
/home/ubuntu/data/orig3_biggest/Hipolito_Mejia/face_0_Hipolito_Mejia_0002.jpg;83
/home/ubuntu/data/orig3_biggest/Hipolito_Mejia/face_0_Hipolito_Mejia_0003.jpg;83
/home/ubuntu/data/orig3_biggest/Hu_Jintao/face_0_Hu_Jintao_0001.jpg;84
/home/ubuntu/data/orig3_biggest/Hu_Jintao/face_0_Hu_Jintao_0002.jpg;84
/home/ubuntu/data/orig3_biggest/Hu_Jintao/face_0_Hu_Jintao_0003.jpg;84
/home/ubuntu/data/orig3_biggest/Heidi_Klum/face_0_Heidi_Klum_0003.jpg;85
/home/ubuntu/data/orig3_biggest/Heidi_Klum/face_0_Heidi_Klum_0001.jpg;85
/home/ubuntu/data/orig3_biggest/Heidi_Klum/face_0_Heidi_Klum_0002.jpg;85
/home/ubuntu/data/orig3_biggest/David_Nalbandian/face_0_David_Nalbandian_0003.jpg;86
/home/ubuntu/data/orig3_biggest/David_Nalbandian/face_0_David_Nalbandian_0002.jpg;86
/home/ubuntu/data/orig3_biggest/David_Nalbandian/face_0_David_Nalbandian_0001.jpg;86
/home/ubuntu/data/orig3_biggest/Brad_Garrett/face_0_Brad_Garrett_0002.jpg;87
/home/ubuntu/data/orig3_biggest/Brad_Garrett/face_0_Brad_Garrett_0001.jpg;87
/home/ubuntu/data/orig3_biggest/Brad_Garrett/face_0_Brad_Garrett_0003.jpg;87
/home/ubuntu/data/orig3_biggest/Annette_Lu/face_0_Annette_Lu_0001.jpg;88
/home/ubuntu/data/orig3_biggest/Annette_Lu/face_0_Annette_Lu_0002.jpg;88
/home/ubuntu/data/orig3_biggest/Annette_Lu/face_0_Annette_Lu_0003.jpg;88
/home/ubuntu/data/orig3_biggest/Clay_Aiken/face_0_Clay_Aiken_0002.jpg;89
/home/ubuntu/data/orig3_biggest/Clay_Aiken/face_0_Clay_Aiken_0003.jpg;89
/home/ubuntu/data/orig3_biggest/Clay_Aiken/face_0_Clay_Aiken_0001.jpg;89
/home/ubuntu/data/orig3_biggest/Emma_Watson/face_0_Emma_Watson_0001.jpg;90
/home/ubuntu/data/orig3_biggest/Emma_Watson/face_0_Emma_Watson_0003.jpg;90
/home/ubuntu/data/orig3_biggest/Emma_Watson/face_0_Emma_Watson_0002.jpg;90
/home/ubuntu/data/orig3_biggest/Allyson_Felix/face_0_Allyson_Felix_0001.jpg;91
/home/ubuntu/data/orig3_biggest/Allyson_Felix/face_0_Allyson_Felix_0003.jpg;91
/home/ubuntu/data/orig3_biggest/Allyson_Felix/face_0_Allyson_Felix_0002.jpg;91
/home/ubuntu/data/orig3_biggest/Geraldine_Chaplin/face_0_Geraldine_Chaplin_0002.jpg;92
/home/ubuntu/data/orig3_biggest/Geraldine_Chaplin/face_0_Geraldine_Chaplin_0001.jpg;92
/home/ubuntu/data/orig3_biggest/Geraldine_Chaplin/face_0_Geraldine_Chaplin_0003.jpg;92
/home/ubuntu/data/orig3_biggest/Adolfo_Aguilar_Zinser/face_0_Adolfo_Aguilar_Zinser_0001.jpg;93
/home/ubuntu/data/orig3_biggest/Adolfo_Aguilar_Zinser/face_0_Adolfo_Aguilar_Zinser_0003.jpg;93
/home/ubuntu/data/orig3_biggest/Adolfo_Aguilar_Zinser/face_0_Adolfo_Aguilar_Zinser_0002.jpg;93
/home/ubuntu/data/orig3_biggest/Hosni_Mubarak/face_0_Hosni_Mubarak_0003.jpg;94
/home/ubuntu/data/orig3_biggest/Hosni_Mubarak/face_0_Hosni_Mubarak_0001.jpg;94
/home/ubuntu/data/orig3_biggest/Hosni_Mubarak/face_0_Hosni_Mubarak_0002.jpg;94
/home/ubuntu/data/orig3_biggest/Donald_Fehr/face_0_Donald_Fehr_0001.jpg;95
/home/ubuntu/data/orig3_biggest/Donald_Fehr/face_0_Donald_Fehr_0003.jpg;95
/home/ubuntu/data/orig3_biggest/Donald_Fehr/face_0_Donald_Fehr_0002.jpg;95
/home/ubuntu/data/orig3_biggest/Benjamin_Netanyahu/face_0_Benjamin_Netanyahu_0003.jpg;96
/home/ubuntu/data/orig3_biggest/Benjamin_Netanyahu/face_0_Benjamin_Netanyahu_0001.jpg;96
/home/ubuntu/data/orig3_biggest/Benjamin_Netanyahu/face_0_Benjamin_Netanyahu_0002.jpg;96
/home/ubuntu/data/orig3_biggest/Angela_Merkel/face_0_Angela_Merkel_0001.jpg;97
/home/ubuntu/data/orig3_biggest/Angela_Merkel/face_0_Angela_Merkel_0003.jpg;97
/home/ubuntu/data/orig3_biggest/Angela_Merkel/face_0_Angela_Merkel_0002.jpg;97
/home/ubuntu/data/orig3_biggest/Angelo_Reyes/face_0_Angelo_Reyes_0001.jpg;98
/home/ubuntu/data/orig3_biggest/Angelo_Reyes/face_0_Angelo_Reyes_0002.jpg;98
/home/ubuntu/data/orig3_biggest/Angelo_Reyes/face_0_Angelo_Reyes_0003.jpg;98
/home/ubuntu/data/orig3_biggest/Colin_Montgomerie/face_0_Colin_Montgomerie_0002.jpg;99
/home/ubuntu/data/orig3_biggest/Colin_Montgomerie/face_0_Colin_Montgomerie_0003.jpg;99
/home/ubuntu/data/orig3_biggest/Colin_Montgomerie/face_0_Colin_Montgomerie_0001.jpg;99
/home/ubuntu/data/orig3_biggest/Celine_Dion/face_0_Celine_Dion_0003.jpg;100
/home/ubuntu/data/orig3_biggest/Celine_Dion/face_0_Celine_Dion_0001.jpg;100
/home/ubuntu/data/orig3_biggest/Celine_Dion/face_0_Celine_Dion_0002.jpg;100
/home/ubuntu/data/orig3_biggest/Gene_Robinson/face_0_Gene_Robinson_0001.jpg;101
/home/ubuntu/data/orig3_biggest/Gene_Robinson/face_0_Gene_Robinson_0003.jpg;101
/home/ubuntu/data/orig3_biggest/Gene_Robinson/face_0_Gene_Robinson_0002.jpg;101
/home/ubuntu/data/orig3_biggest/Hugh_Grant/face_0_Hugh_Grant_0002.jpg;102
/home/ubuntu/data/orig3_biggest/Hugh_Grant/face_0_Hugh_Grant_0003.jpg;102
/home/ubuntu/data/orig3_biggest/Hugh_Grant/face_0_Hugh_Grant_0001.jpg;102
/home/ubuntu/data/orig3_biggest/Gianna_Angelopoulos-Daskalaki/face_0_Gianna_Angelopoulos-Daskalaki_0003.jpg;103
/home/ubuntu/data/orig3_biggest/Gianna_Angelopoulos-Daskalaki/face_0_Gianna_Angelopoulos-Daskalaki_0001.jpg;103
/home/ubuntu/data/orig3_biggest/Gianna_Angelopoulos-Daskalaki/face_0_Gianna_Angelopoulos-Daskalaki_0002.jpg;103
/home/ubuntu/data/orig3_biggest/Barbra_Streisand/face_0_Barbra_Streisand_0001.jpg;104
/home/ubuntu/data/orig3_biggest/Barbra_Streisand/face_0_Barbra_Streisand_0002.jpg;104
/home/ubuntu/data/orig3_biggest/Barbra_Streisand/face_0_Barbra_Streisand_0003.jpg;104
/home/ubuntu/data/orig3_biggest/Greg_Rusedski/face_0_Greg_Rusedski_0003.jpg;105
/home/ubuntu/data/orig3_biggest/Greg_Rusedski/face_0_Greg_Rusedski_0002.jpg;105
/home/ubuntu/data/orig3_biggest/Greg_Rusedski/face_0_Greg_Rusedski_0001.jpg;105
/home/ubuntu/data/orig3_biggest/Federico_Trillo/face_0_Federico_Trillo_0002.jpg;106
/home/ubuntu/data/orig3_biggest/Federico_Trillo/face_0_Federico_Trillo_0001.jpg;106
/home/ubuntu/data/orig3_biggest/Federico_Trillo/face_0_Federico_Trillo_0003.jpg;106
/home/ubuntu/data/orig3_biggest/Gary_Doer/face_0_Gary_Doer_0001.jpg;107
/home/ubuntu/data/orig3_biggest/Gary_Doer/face_0_Gary_Doer_0003.jpg;107
/home/ubuntu/data/orig3_biggest/Gary_Doer/face_0_Gary_Doer_0002.jpg;107
/home/ubuntu/data/orig3_biggest/Frank_Solich/face_0_Frank_Solich_0003.jpg;108
/home/ubuntu/data/orig3_biggest/Frank_Solich/face_0_Frank_Solich_0001.jpg;108
/home/ubuntu/data/orig3_biggest/Frank_Solich/face_0_Frank_Solich_0002.jpg;108
/home/ubuntu/data/orig3_biggest/Catherine_Zeta-Jones/face_0_Catherine_Zeta-Jones_0001.jpg;109
/home/ubuntu/data/orig3_biggest/Catherine_Zeta-Jones/face_0_Catherine_Zeta-Jones_0003.jpg;109
/home/ubuntu/data/orig3_biggest/Catherine_Zeta-Jones/face_0_Catherine_Zeta-Jones_0002.jpg;109
/home/ubuntu/data/orig3_biggest/Fred_Eckhard/face_0_Fred_Eckhard_0001.jpg;110
/home/ubuntu/data/orig3_biggest/Fred_Eckhard/face_0_Fred_Eckhard_0003.jpg;110
/home/ubuntu/data/orig3_biggest/Fred_Eckhard/face_0_Fred_Eckhard_0002.jpg;110
/home/ubuntu/data/orig3_biggest/Heath_Ledger/face_0_Heath_Ledger_0001.jpg;111
/home/ubuntu/data/orig3_biggest/Heath_Ledger/face_0_Heath_Ledger_0002.jpg;111
/home/ubuntu/data/orig3_biggest/Heath_Ledger/face_0_Heath_Ledger_0003.jpg;111
/home/ubuntu/data/orig3_biggest/Franz_Muentefering/face_0_Franz_Muentefering_0001.jpg;112
/home/ubuntu/data/orig3_biggest/Franz_Muentefering/face_0_Franz_Muentefering_0002.jpg;112
/home/ubuntu/data/orig3_biggest/Clara_Harris/face_0_Clara_Harris_0001.jpg;113
/home/ubuntu/data/orig3_biggest/Clara_Harris/face_0_Clara_Harris_0002.jpg;113
/home/ubuntu/data/orig3_biggest/Clara_Harris/face_0_Clara_Harris_0003.jpg;113
/home/ubuntu/data/orig3_biggest/Arturo_Gatti/face_0_Arturo_Gatti_0001.jpg;114
/home/ubuntu/data/orig3_biggest/Arturo_Gatti/face_0_Arturo_Gatti_0003.jpg;114
/home/ubuntu/data/orig3_biggest/Arturo_Gatti/face_0_Arturo_Gatti_0002.jpg;114
/home/ubuntu/data/orig3_biggest/Bill_Clinton/face_0_Bill_Clinton_0001.jpg;115
/home/ubuntu/data/orig3_biggest/Bill_Clinton/face_0_Bill_Clinton_0003.jpg;115
/home/ubuntu/data/orig3_biggest/Bill_Clinton/face_0_Bill_Clinton_0002.jpg;115
/home/ubuntu/data/orig3_biggest/Ethan_Hawke/face_0_Ethan_Hawke_0001.jpg;116
/home/ubuntu/data/orig3_biggest/Ethan_Hawke/face_0_Ethan_Hawke_0002.jpg;116
/home/ubuntu/data/orig3_biggest/Ethan_Hawke/face_0_Ethan_Hawke_0003.jpg;116
/home/ubuntu/data/orig3_biggest/Enrique_Bolanos/face_0_Enrique_Bolanos_0003.jpg;117
/home/ubuntu/data/orig3_biggest/Enrique_Bolanos/face_0_Enrique_Bolanos_0002.jpg;117
/home/ubuntu/data/orig3_biggest/Enrique_Bolanos/face_0_Enrique_Bolanos_0001.jpg;117
/home/ubuntu/data/orig3_biggest/Abdullah_al-Attiyah/face_0_Abdullah_al-Attiyah_0002.jpg;118
/home/ubuntu/data/orig3_biggest/Abdullah_al-Attiyah/face_0_Abdullah_al-Attiyah_0003.jpg;118
/home/ubuntu/data/orig3_biggest/Claudia_Pechstein/face_0_Claudia_Pechstein_0002.jpg;119
/home/ubuntu/data/orig3_biggest/Claudia_Pechstein/face_0_Claudia_Pechstein_0003.jpg;119
/home/ubuntu/data/orig3_biggest/Claudia_Pechstein/face_0_Claudia_Pechstein_0001.jpg;119
/home/ubuntu/data/orig3_biggest/Daniel_Day-Lewis/face_0_Daniel_Day-Lewis_0003.jpg;120
/home/ubuntu/data/orig3_biggest/Daniel_Day-Lewis/face_0_Daniel_Day-Lewis_0002.jpg;120
/home/ubuntu/data/orig3_biggest/Daniel_Day-Lewis/face_0_Daniel_Day-Lewis_0001.jpg;120
/home/ubuntu/data/orig3_biggest/David_Anderson/face_0_David_Anderson_0001.jpg;121
/home/ubuntu/data/orig3_biggest/David_Anderson/face_0_David_Anderson_0002.jpg;121
/home/ubuntu/data/orig3_biggest/David_Anderson/face_0_David_Anderson_0003.jpg;121
/home/ubuntu/data/orig3_biggest/Alec_Baldwin/face_0_Alec_Baldwin_0002.jpg;122
/home/ubuntu/data/orig3_biggest/Alec_Baldwin/face_0_Alec_Baldwin_0003.jpg;122
/home/ubuntu/data/orig3_biggest/Alec_Baldwin/face_0_Alec_Baldwin_0001.jpg;122
/home/ubuntu/data/orig3_biggest/Edmund_Hillary/face_0_Edmund_Hillary_0001.jpg;123
/home/ubuntu/data/orig3_biggest/Edmund_Hillary/face_0_Edmund_Hillary_0003.jpg;123
/home/ubuntu/data/orig3_biggest/Edmund_Hillary/face_0_Edmund_Hillary_0002.jpg;123
/home/ubuntu/data/orig3_biggest/Charles_Bronson/face_0_Charles_Bronson_0002.jpg;124
/home/ubuntu/data/orig3_biggest/Charles_Bronson/face_0_Charles_Bronson_0003.jpg;124
/home/ubuntu/data/orig3_biggest/Charles_Bronson/face_0_Charles_Bronson_0001.jpg;124
/home/ubuntu/data/orig3_biggest/Augustin_Calleri/face_0_Augustin_Calleri_0002.jpg;125
/home/ubuntu/data/orig3_biggest/Augustin_Calleri/face_0_Augustin_Calleri_0001.jpg;125
/home/ubuntu/data/orig3_biggest/Augustin_Calleri/face_0_Augustin_Calleri_0003.jpg;125
/home/ubuntu/data/orig3_biggest/Billy_Crystal/face_0_Billy_Crystal_0002.jpg;126
/home/ubuntu/data/orig3_biggest/Billy_Crystal/face_0_Billy_Crystal_0001.jpg;126
/home/ubuntu/data/orig3_biggest/Billy_Crystal/face_0_Billy_Crystal_0003.jpg;126
/home/ubuntu/data/orig3_biggest/Bashar_Assad/face_0_Bashar_Assad_0003.jpg;127
/home/ubuntu/data/orig3_biggest/Bashar_Assad/face_0_Bashar_Assad_0002.jpg;127
/home/ubuntu/data/orig3_biggest/Bashar_Assad/face_0_Bashar_Assad_0001.jpg;127
/home/ubuntu/data/orig3_biggest/David_Beckham/face_0_David_Beckham_0001.jpg;128
/home/ubuntu/data/orig3_biggest/David_Beckham/face_0_David_Beckham_0003.jpg;128
/home/ubuntu/data/orig3_biggest/David_Beckham/face_0_David_Beckham_0002.jpg;128
/home/ubuntu/data/orig3_biggest/Eileen_Coparropa/face_0_Eileen_Coparropa_0003.jpg;129
/home/ubuntu/data/orig3_biggest/Eileen_Coparropa/face_0_Eileen_Coparropa_0001.jpg;129
/home/ubuntu/data/orig3_biggest/Eileen_Coparropa/face_0_Eileen_Coparropa_0002.jpg;129
/home/ubuntu/data/orig3_biggest/Dick_Clark/face_0_Dick_Clark_0003.jpg;130
/home/ubuntu/data/orig3_biggest/Dick_Clark/face_0_Dick_Clark_0001.jpg;130
/home/ubuntu/data/orig3_biggest/Dick_Clark/face_0_Dick_Clark_0002.jpg;130
/home/ubuntu/data/orig3_biggest/Abel_Pacheco/face_0_Abel_Pacheco_0002.jpg;131
/home/ubuntu/data/orig3_biggest/Abel_Pacheco/face_0_Abel_Pacheco_0003.jpg;131
/home/ubuntu/data/orig3_biggest/Abel_Pacheco/face_0_Abel_Pacheco_0001.jpg;131
/home/ubuntu/data/orig3_biggest/Coretta_Scott_King/face_0_Coretta_Scott_King_0002.jpg;132
/home/ubuntu/data/orig3_biggest/Coretta_Scott_King/face_0_Coretta_Scott_King_0003.jpg;132
/home/ubuntu/data/orig3_biggest/Coretta_Scott_King/face_0_Coretta_Scott_King_0001.jpg;132
/home/ubuntu/data/orig3_biggest/David_Caruso/face_0_David_Caruso_0003.jpg;133
/home/ubuntu/data/orig3_biggest/David_Caruso/face_0_David_Caruso_0002.jpg;133
/home/ubuntu/data/orig3_biggest/David_Caruso/face_0_David_Caruso_0001.jpg;133
/home/ubuntu/data/orig3_biggest/Franz_Fischler/face_0_Franz_Fischler_0003.jpg;134
/home/ubuntu/data/orig3_biggest/Franz_Fischler/face_0_Franz_Fischler_0002.jpg;134
/home/ubuntu/data/orig3_biggest/Franz_Fischler/face_0_Franz_Fischler_0001.jpg;134
/home/ubuntu/data/orig3_biggest/Farouk_al-Sharaa/face_0_Farouk_al-Sharaa_0003.jpg;135
/home/ubuntu/data/orig3_biggest/Farouk_al-Sharaa/face_0_Farouk_al-Sharaa_0002.jpg;135
/home/ubuntu/data/orig3_biggest/Farouk_al-Sharaa/face_0_Farouk_al-Sharaa_0001.jpg;135
/home/ubuntu/data/orig3_biggest/Cameron_Diaz/face_0_Cameron_Diaz_0001.jpg;136
/home/ubuntu/data/orig3_biggest/Cameron_Diaz/face_0_Cameron_Diaz_0003.jpg;136
/home/ubuntu/data/orig3_biggest/Cameron_Diaz/face_0_Cameron_Diaz_0002.jpg;136
/home/ubuntu/data/orig3_biggest/Hans_Eichel/face_0_Hans_Eichel_0003.jpg;137
/home/ubuntu/data/orig3_biggest/Hans_Eichel/face_0_Hans_Eichel_0001.jpg;137
/home/ubuntu/data/orig3_biggest/Hans_Eichel/face_0_Hans_Eichel_0002.jpg;137
/home/ubuntu/data/orig3_biggest/Cindy_Crawford/face_0_Cindy_Crawford_0002.jpg;138
/home/ubuntu/data/orig3_biggest/Cindy_Crawford/face_0_Cindy_Crawford_0003.jpg;138
/home/ubuntu/data/orig3_biggest/Cindy_Crawford/face_0_Cindy_Crawford_0001.jpg;138
/home/ubuntu/data/orig3_biggest/Derek_Jeter/face_0_Derek_Jeter_0002.jpg;139
/home/ubuntu/data/orig3_biggest/Derek_Jeter/face_0_Derek_Jeter_0001.jpg;139
/home/ubuntu/data/orig3_biggest/Derek_Jeter/face_0_Derek_Jeter_0003.jpg;139
/home/ubuntu/data/orig3_biggest/Alvaro_Noboa/face_0_Alvaro_Noboa_0003.jpg;140
/home/ubuntu/data/orig3_biggest/Alvaro_Noboa/face_0_Alvaro_Noboa_0002.jpg;140
/home/ubuntu/data/orig3_biggest/Alvaro_Noboa/face_0_Alvaro_Noboa_0001.jpg;140
/home/ubuntu/data/orig3_biggest/George_W_Bush/face_0_George_W_Bush_0002.jpg;141
/home/ubuntu/data/orig3_biggest/George_W_Bush/face_0_George_W_Bush_0001.jpg;141
/home/ubuntu/data/orig3_biggest/George_W_Bush/face_0_George_W_Bush_0003.jpg;141
/home/ubuntu/data/orig3_biggest/Denzel_Washington/face_0_Denzel_Washington_0001.jpg;142
/home/ubuntu/data/orig3_biggest/Denzel_Washington/face_0_Denzel_Washington_0003.jpg;142
/home/ubuntu/data/orig3_biggest/Denzel_Washington/face_0_Denzel_Washington_0002.jpg;142
/home/ubuntu/data/orig3_biggest/Doris_Roberts/face_0_Doris_Roberts_0001.jpg;143
/home/ubuntu/data/orig3_biggest/Doris_Roberts/face_0_Doris_Roberts_0002.jpg;143
/home/ubuntu/data/orig3_biggest/Doris_Roberts/face_0_Doris_Roberts_0003.jpg;143
/home/ubuntu/data/orig3_biggest/Howard_Dean/face_0_Howard_Dean_0003.jpg;144
/home/ubuntu/data/orig3_biggest/Howard_Dean/face_0_Howard_Dean_0002.jpg;144
/home/ubuntu/data/orig3_biggest/Howard_Dean/face_0_Howard_Dean_0001.jpg;144
/home/ubuntu/data/orig3_biggest/Edwin_Edwards/face_0_Edwin_Edwards_0003.jpg;145
/home/ubuntu/data/orig3_biggest/Edwin_Edwards/face_0_Edwin_Edwards_0002.jpg;145
/home/ubuntu/data/orig3_biggest/Edwin_Edwards/face_0_Edwin_Edwards_0001.jpg;145
/home/ubuntu/data/orig3_biggest/Brad_Johnson/face_0_Brad_Johnson_0003.jpg;146
/home/ubuntu/data/orig3_biggest/Brad_Johnson/face_0_Brad_Johnson_0001.jpg;146
/home/ubuntu/data/orig3_biggest/Brad_Johnson/face_0_Brad_Johnson_0002.jpg;146
/home/ubuntu/data/orig3_biggest/George_Galloway/face_0_George_Galloway_0001.jpg;147
/home/ubuntu/data/orig3_biggest/George_Galloway/face_0_George_Galloway_0002.jpg;147
/home/ubuntu/data/orig3_biggest/George_Galloway/face_0_George_Galloway_0003.jpg;147
/home/ubuntu/data/orig3_biggest/Ciro_Gomes/face_0_Ciro_Gomes_0003.jpg;148
/home/ubuntu/data/orig3_biggest/Ciro_Gomes/face_0_Ciro_Gomes_0001.jpg;148
/home/ubuntu/data/orig3_biggest/Ciro_Gomes/face_0_Ciro_Gomes_0002.jpg;148
/home/ubuntu/data/orig3_biggest/Choi_Sung-hong/face_0_Choi_Sung-hong_0002.jpg;149
/home/ubuntu/data/orig3_biggest/Choi_Sung-hong/face_0_Choi_Sung-hong_0001.jpg;149
/home/ubuntu/data/orig3_biggest/Choi_Sung-hong/face_0_Choi_Sung-hong_0003.jpg;149
/home/ubuntu/data/orig3_biggest/Debbie_Reynolds/face_0_Debbie_Reynolds_0001.jpg;150
/home/ubuntu/data/orig3_biggest/Debbie_Reynolds/face_0_Debbie_Reynolds_0003.jpg;150
/home/ubuntu/data/orig3_biggest/Debbie_Reynolds/face_0_Debbie_Reynolds_0002.jpg;150
/home/ubuntu/data/orig3_biggest/Hitomi_Soga/face_0_Hitomi_Soga_0003.jpg;151
/home/ubuntu/data/orig3_biggest/Hitomi_Soga/face_0_Hitomi_Soga_0001.jpg;151
/home/ubuntu/data/orig3_biggest/Hitomi_Soga/face_0_Hitomi_Soga_0002.jpg;151
/home/ubuntu/data/orig3_biggest/George_Pataki/face_0_George_Pataki_0002.jpg;152
/home/ubuntu/data/orig3_biggest/George_Pataki/face_0_George_Pataki_0001.jpg;152
/home/ubuntu/data/orig3_biggest/George_Pataki/face_0_George_Pataki_0003.jpg;152
/home/ubuntu/data/orig3_biggest/Ali_Khamenei/face_0_Ali_Khamenei_0001.jpg;153
/home/ubuntu/data/orig3_biggest/Ali_Khamenei/face_0_Ali_Khamenei_0002.jpg;153
/home/ubuntu/data/orig3_biggest/Ali_Khamenei/face_0_Ali_Khamenei_0003.jpg;153
/home/ubuntu/data/orig3_biggest/Fernando_Vargas/face_0_Fernando_Vargas_0003.jpg;154
/home/ubuntu/data/orig3_biggest/Fernando_Vargas/face_0_Fernando_Vargas_0001.jpg;154
/home/ubuntu/data/orig3_biggest/Fernando_Vargas/face_0_Fernando_Vargas_0002.jpg;154
/home/ubuntu/data/orig3_biggest/Daisy_Fuentes/face_0_Daisy_Fuentes_0001.jpg;155
/home/ubuntu/data/orig3_biggest/Daisy_Fuentes/face_0_Daisy_Fuentes_0002.jpg;155
/home/ubuntu/data/orig3_biggest/Daisy_Fuentes/face_0_Daisy_Fuentes_0003.jpg;155
/home/ubuntu/data/orig3_biggest/Bob_Huggins/face_0_Bob_Huggins_0001.jpg;156
/home/ubuntu/data/orig3_biggest/Bob_Huggins/face_0_Bob_Huggins_0003.jpg;156
/home/ubuntu/data/orig3_biggest/Bob_Huggins/face_0_Bob_Huggins_0002.jpg;156
/home/ubuntu/data/orig3_biggest/Gonzalo_Sanchez_de_Lozada/face_0_Gonzalo_Sanchez_de_Lozada_0003.jpg;157
/home/ubuntu/data/orig3_biggest/Gonzalo_Sanchez_de_Lozada/face_0_Gonzalo_Sanchez_de_Lozada_0001.jpg;157
/home/ubuntu/data/orig3_biggest/Gonzalo_Sanchez_de_Lozada/face_0_Gonzalo_Sanchez_de_Lozada_0002.jpg;157
/home/ubuntu/data/orig3_biggest/Anibal_Ibarra/face_0_Anibal_Ibarra_0001.jpg;158
/home/ubuntu/data/orig3_biggest/Anibal_Ibarra/face_0_Anibal_Ibarra_0003.jpg;158
/home/ubuntu/data/orig3_biggest/Anibal_Ibarra/face_0_Anibal_Ibarra_0002.jpg;158
/home/ubuntu/data/orig3_biggest/Heinz_Feldmann/face_0_Heinz_Feldmann_0003.jpg;159
/home/ubuntu/data/orig3_biggest/Heinz_Feldmann/face_0_Heinz_Feldmann_0001.jpg;159
/home/ubuntu/data/orig3_biggest/Heinz_Feldmann/face_0_Heinz_Feldmann_0002.jpg;159
/home/ubuntu/data/orig3_biggest/Harrison_Ford/face_0_Harrison_Ford_0001.jpg;160
/home/ubuntu/data/orig3_biggest/Harrison_Ford/face_0_Harrison_Ford_0002.jpg;160
/home/ubuntu/data/orig3_biggest/Harrison_Ford/face_0_Harrison_Ford_0003.jpg;160
/home/ubuntu/data/orig3_biggest/Colin_Farrell/face_0_Colin_Farrell_0001.jpg;161
/home/ubuntu/data/orig3_biggest/Colin_Farrell/face_0_Colin_Farrell_0002.jpg;161
/home/ubuntu/data/orig3_biggest/Colin_Farrell/face_0_Colin_Farrell_0003.jpg;161
/home/ubuntu/data/orig3_biggest/Candice_Bergen/face_0_Candice_Bergen_0002.jpg;162
/home/ubuntu/data/orig3_biggest/Candice_Bergen/face_0_Candice_Bergen_0003.jpg;162
/home/ubuntu/data/orig3_biggest/Candice_Bergen/face_0_Candice_Bergen_0001.jpg;162
/home/ubuntu/data/orig3_biggest/Dianne_Feinstein/face_0_Dianne_Feinstein_0002.jpg;163
/home/ubuntu/data/orig3_biggest/Dianne_Feinstein/face_0_Dianne_Feinstein_0003.jpg;163
/home/ubuntu/data/orig3_biggest/Dianne_Feinstein/face_0_Dianne_Feinstein_0001.jpg;163
/home/ubuntu/data/orig3_biggest/David_Stern/face_0_David_Stern_0002.jpg;164
/home/ubuntu/data/orig3_biggest/David_Stern/face_0_David_Stern_0003.jpg;164
/home/ubuntu/data/orig3_biggest/David_Stern/face_0_David_Stern_0001.jpg;164
/home/ubuntu/data/orig3_biggest/Carlos_Ruiz/face_0_Carlos_Ruiz_0001.jpg;165
/home/ubuntu/data/orig3_biggest/Carlos_Ruiz/face_0_Carlos_Ruiz_0002.jpg;165
/home/ubuntu/data/orig3_biggest/Carlos_Ruiz/face_0_Carlos_Ruiz_0003.jpg;165
/home/ubuntu/data/orig3_biggest/Fidel_Castro/face_0_Fidel_Castro_0003.jpg;166
/home/ubuntu/data/orig3_biggest/Fidel_Castro/face_0_Fidel_Castro_0001.jpg;166
/home/ubuntu/data/orig3_biggest/Fidel_Castro/face_0_Fidel_Castro_0002.jpg;166
/home/ubuntu/data/orig3_biggest/Gus_Van_Sant/face_0_Gus_Van_Sant_0003.jpg;167
/home/ubuntu/data/orig3_biggest/Gus_Van_Sant/face_0_Gus_Van_Sant_0001.jpg;167
/home/ubuntu/data/orig3_biggest/Gus_Van_Sant/face_0_Gus_Van_Sant_0002.jpg;167
/home/ubuntu/data/orig3_biggest/Cherie_Blair/face_0_Cherie_Blair_0002.jpg;168
/home/ubuntu/data/orig3_biggest/Cherie_Blair/face_0_Cherie_Blair_0003.jpg;168
/home/ubuntu/data/orig3_biggest/Cherie_Blair/face_0_Cherie_Blair_0001.jpg;168
/home/ubuntu/data/orig3_biggest/Art_Howe/face_0_Art_Howe_0002.jpg;169
/home/ubuntu/data/orig3_biggest/Art_Howe/face_0_Art_Howe_0001.jpg;169
/home/ubuntu/data/orig3_biggest/Art_Howe/face_0_Art_Howe_0003.jpg;169
/home/ubuntu/data/orig3_biggest/Fernando_Henrique_Cardoso/face_0_Fernando_Henrique_Cardoso_0001.jpg;170
/home/ubuntu/data/orig3_biggest/Fernando_Henrique_Cardoso/face_0_Fernando_Henrique_Cardoso_0002.jpg;170
/home/ubuntu/data/orig3_biggest/Fernando_Henrique_Cardoso/face_0_Fernando_Henrique_Cardoso_0003.jpg;170
/home/ubuntu/data/orig3_biggest/Adam_Sandler/face_0_Adam_Sandler_0001.jpg;171
/home/ubuntu/data/orig3_biggest/Adam_Sandler/face_0_Adam_Sandler_0003.jpg;171
/home/ubuntu/data/orig3_biggest/Adam_Sandler/face_0_Adam_Sandler_0002.jpg;171
/home/ubuntu/data/orig3_biggest/Dennis_Kucinich/face_0_Dennis_Kucinich_0002.jpg;172
/home/ubuntu/data/orig3_biggest/Dennis_Kucinich/face_0_Dennis_Kucinich_0001.jpg;172
/home/ubuntu/data/orig3_biggest/Dennis_Kucinich/face_0_Dennis_Kucinich_0003.jpg;172
/home/ubuntu/data/orig3_biggest/Constance_Marie/face_0_Constance_Marie_0002.jpg;173
/home/ubuntu/data/orig3_biggest/Constance_Marie/face_0_Constance_Marie_0003.jpg;173
/home/ubuntu/data/orig3_biggest/Constance_Marie/face_0_Constance_Marie_0001.jpg;173
/home/ubuntu/data/orig3_biggest/Aleksander_Kwasniewski/face_0_Aleksander_Kwasniewski_0002.jpg;174
/home/ubuntu/data/orig3_biggest/Aleksander_Kwasniewski/face_0_Aleksander_Kwasniewski_0001.jpg;174
/home/ubuntu/data/orig3_biggest/Aleksander_Kwasniewski/face_0_Aleksander_Kwasniewski_0003.jpg;174
/home/ubuntu/data/orig3_biggest/Catherine_Deneuve/face_0_Catherine_Deneuve_0002.jpg;175
/home/ubuntu/data/orig3_biggest/Catherine_Deneuve/face_0_Catherine_Deneuve_0003.jpg;175
/home/ubuntu/data/orig3_biggest/Catherine_Deneuve/face_0_Catherine_Deneuve_0001.jpg;175
/home/ubuntu/data/orig3_biggest/Ana_Guevara/face_0_Ana_Guevara_0001.jpg;176
/home/ubuntu/data/orig3_biggest/Ana_Guevara/face_0_Ana_Guevara_0003.jpg;176
/home/ubuntu/data/orig3_biggest/Ana_Guevara/face_0_Ana_Guevara_0002.jpg;176
/home/ubuntu/data/orig3_biggest/Gian_Marco/face_0_Gian_Marco_0001.jpg;177
/home/ubuntu/data/orig3_biggest/Gian_Marco/face_0_Gian_Marco_0003.jpg;177
/home/ubuntu/data/orig3_biggest/Gian_Marco/face_0_Gian_Marco_0002.jpg;177
/home/ubuntu/data/orig3_biggest/George_HW_Bush/face_0_George_HW_Bush_0002.jpg;178
/home/ubuntu/data/orig3_biggest/George_HW_Bush/face_0_George_HW_Bush_0001.jpg;178
/home/ubuntu/data/orig3_biggest/George_HW_Bush/face_0_George_HW_Bush_0003.jpg;178
/home/ubuntu/data/orig3_biggest/David_Wells/face_0_David_Wells_0003.jpg;179
/home/ubuntu/data/orig3_biggest/David_Wells/face_0_David_Wells_0002.jpg;179
/home/ubuntu/data/orig3_biggest/David_Wells/face_0_David_Wells_0001.jpg;179
/home/ubuntu/data/orig3_biggest/Abid_Hamid_Mahmud_Al-Tikriti/face_0_Abid_Hamid_Mahmud_Al-Tikriti_0002.jpg;180
/home/ubuntu/data/orig3_biggest/Abid_Hamid_Mahmud_Al-Tikriti/face_0_Abid_Hamid_Mahmud_Al-Tikriti_0003.jpg;180
/home/ubuntu/data/orig3_biggest/Abid_Hamid_Mahmud_Al-Tikriti/face_0_Abid_Hamid_Mahmud_Al-Tikriti_0001.jpg;180
/home/ubuntu/data/orig3_biggest/Harry_Schmidt/face_0_Harry_Schmidt_0002.jpg;181
/home/ubuntu/data/orig3_biggest/Harry_Schmidt/face_0_Harry_Schmidt_0003.jpg;181
/home/ubuntu/data/orig3_biggest/Harry_Schmidt/face_0_Harry_Schmidt_0001.jpg;181
/home/ubuntu/data/orig3_biggest/Diana_Krall/face_0_Diana_Krall_0001.jpg;182
/home/ubuntu/data/orig3_biggest/Diana_Krall/face_0_Diana_Krall_0002.jpg;182
/home/ubuntu/data/orig3_biggest/Diana_Krall/face_0_Diana_Krall_0003.jpg;182
/home/ubuntu/data/orig3_biggest/Alejandro_Avila/face_0_Alejandro_Avila_0002.jpg;183
/home/ubuntu/data/orig3_biggest/Alejandro_Avila/face_0_Alejandro_Avila_0001.jpg;183
/home/ubuntu/data/orig3_biggest/Alejandro_Avila/face_0_Alejandro_Avila_0003.jpg;183
/home/ubuntu/data/orig3_biggest/Antonio_Banderas/face_0_Antonio_Banderas_0003.jpg;184
/home/ubuntu/data/orig3_biggest/Antonio_Banderas/face_0_Antonio_Banderas_0002.jpg;184
/home/ubuntu/data/orig3_biggest/Antonio_Banderas/face_0_Antonio_Banderas_0001.jpg;184
/home/ubuntu/data/orig3_biggest/Edwina_Currie/face_0_Edwina_Currie_0001.jpg;185
/home/ubuntu/data/orig3_biggest/Edwina_Currie/face_0_Edwina_Currie_0002.jpg;185
/home/ubuntu/data/orig3_biggest/Edwina_Currie/face_0_Edwina_Currie_0003.jpg;185
/home/ubuntu/data/orig3_biggest/Arnold_Palmer/face_0_Arnold_Palmer_0003.jpg;186
/home/ubuntu/data/orig3_biggest/Arnold_Palmer/face_0_Arnold_Palmer_0001.jpg;186
/home/ubuntu/data/orig3_biggest/Arnold_Palmer/face_0_Arnold_Palmer_0002.jpg;186
/home/ubuntu/data/orig3_biggest/Hee-Won_Han/face_0_Hee-Won_Han_0002.jpg;187
/home/ubuntu/data/orig3_biggest/Hee-Won_Han/face_0_Hee-Won_Han_0001.jpg;187
/home/ubuntu/data/orig3_biggest/Hee-Won_Han/face_0_Hee-Won_Han_0003.jpg;187
/home/ubuntu/data/orig3_biggest/Fabrice_Santoro/face_0_Fabrice_Santoro_0002.jpg;188
/home/ubuntu/data/orig3_biggest/Fabrice_Santoro/face_0_Fabrice_Santoro_0001.jpg;188
/home/ubuntu/data/orig3_biggest/Fabrice_Santoro/face_0_Fabrice_Santoro_0003.jpg;188
/home/ubuntu/data/orig3_biggest/Eduardo_Duhalde/face_0_Eduardo_Duhalde_0002.jpg;189
/home/ubuntu/data/orig3_biggest/Eduardo_Duhalde/face_0_Eduardo_Duhalde_0003.jpg;189
/home/ubuntu/data/orig3_biggest/Eduardo_Duhalde/face_0_Eduardo_Duhalde_0001.jpg;189
/home/ubuntu/data/orig3_biggest/Alexander_Downer/face_0_Alexander_Downer_0002.jpg;190
/home/ubuntu/data/orig3_biggest/Alexander_Downer/face_0_Alexander_Downer_0003.jpg;190
/home/ubuntu/data/orig3_biggest/Alexander_Downer/face_0_Alexander_Downer_0001.jpg;190
/home/ubuntu/data/orig3_biggest/Angelina_Jolie/face_0_Angelina_Jolie_0002.jpg;191
/home/ubuntu/data/orig3_biggest/Angelina_Jolie/face_0_Angelina_Jolie_0003.jpg;191
/home/ubuntu/data/orig3_biggest/Angelina_Jolie/face_0_Angelina_Jolie_0001.jpg;191
/home/ubuntu/data/orig3_biggest/Anne_McLellan/face_0_Anne_McLellan_0002.jpg;192
/home/ubuntu/data/orig3_biggest/Anne_McLellan/face_0_Anne_McLellan_0003.jpg;192
/home/ubuntu/data/orig3_biggest/Anne_McLellan/face_0_Anne_McLellan_0001.jpg;192
/home/ubuntu/data/orig3_biggest/Donatella_Versace/face_0_Donatella_Versace_0002.jpg;193
/home/ubuntu/data/orig3_biggest/Donatella_Versace/face_0_Donatella_Versace_0003.jpg;193
/home/ubuntu/data/orig3_biggest/Donatella_Versace/face_0_Donatella_Versace_0001.jpg;193
/home/ubuntu/data/orig3_biggest/Bridget_Fonda/face_0_Bridget_Fonda_0001.jpg;194
/home/ubuntu/data/orig3_biggest/Bridget_Fonda/face_0_Bridget_Fonda_0002.jpg;194
/home/ubuntu/data/orig3_biggest/Bridget_Fonda/face_0_Bridget_Fonda_0003.jpg;194
/home/ubuntu/data/orig3_biggest/Heather_Mills/face_0_Heather_Mills_0003.jpg;195
/home/ubuntu/data/orig3_biggest/Heather_Mills/face_0_Heather_Mills_0001.jpg;195
/home/ubuntu/data/orig3_biggest/Heather_Mills/face_0_Heather_Mills_0002.jpg;195
/home/ubuntu/data/orig3_biggest/Ariel_Sharon/face_0_Ariel_Sharon_0001.jpg;196
/home/ubuntu/data/orig3_biggest/Ariel_Sharon/face_0_Ariel_Sharon_0003.jpg;196
/home/ubuntu/data/orig3_biggest/Ariel_Sharon/face_0_Ariel_Sharon_0002.jpg;196
/home/ubuntu/data/orig3_biggest/Fred_Thompson/face_0_Fred_Thompson_0002.jpg;197
/home/ubuntu/data/orig3_biggest/Fred_Thompson/face_0_Fred_Thompson_0001.jpg;197
/home/ubuntu/data/orig3_biggest/Fred_Thompson/face_0_Fred_Thompson_0003.jpg;197
/home/ubuntu/data/orig3_biggest/Al_Pacino/face_0_Al_Pacino_0002.jpg;198
/home/ubuntu/data/orig3_biggest/Al_Pacino/face_0_Al_Pacino_0003.jpg;198
/home/ubuntu/data/orig3_biggest/Al_Pacino/face_0_Al_Pacino_0001.jpg;198
/home/ubuntu/data/orig3_biggest/Al_Gore/face_0_Al_Gore_0001.jpg;199
/home/ubuntu/data/orig3_biggest/Al_Gore/face_0_Al_Gore_0003.jpg;199
/home/ubuntu/data/orig3_biggest/Al_Gore/face_0_Al_Gore_0002.jpg;199
/home/ubuntu/data/orig3_biggest/Ali_Naimi/face_0_Ali_Naimi_0002.jpg;200
/home/ubuntu/data/orig3_biggest/Ali_Naimi/face_0_Ali_Naimi_0001.jpg;200
/home/ubuntu/data/orig3_biggest/Ali_Naimi/face_0_Ali_Naimi_0003.jpg;200
/home/ubuntu/data/orig3_biggest/Bernard_Law/face_0_Bernard_Law_0002.jpg;201
/home/ubuntu/data/orig3_biggest/Bernard_Law/face_0_Bernard_Law_0001.jpg;201
/home/ubuntu/data/orig3_biggest/Bernard_Law/face_0_Bernard_Law_0003.jpg;201
/home/ubuntu/data/orig3_biggest/David_Heymann/face_0_David_Heymann_0003.jpg;202
/home/ubuntu/data/orig3_biggest/David_Heymann/face_0_David_Heymann_0002.jpg;202
/home/ubuntu/data/orig3_biggest/David_Heymann/face_0_David_Heymann_0001.jpg;202
/home/ubuntu/data/orig3_biggest/Edward_Lu/face_0_Edward_Lu_0003.jpg;203
/home/ubuntu/data/orig3_biggest/Edward_Lu/face_0_Edward_Lu_0001.jpg;203
/home/ubuntu/data/orig3_biggest/Edward_Lu/face_0_Edward_Lu_0002.jpg;203
/home/ubuntu/data/orig3_biggest/Geoff_Hoon/face_0_Geoff_Hoon_0003.jpg;204
/home/ubuntu/data/orig3_biggest/Geoff_Hoon/face_0_Geoff_Hoon_0001.jpg;204
/home/ubuntu/data/orig3_biggest/Geoff_Hoon/face_0_Geoff_Hoon_0002.jpg;204
/home/ubuntu/data/orig3_biggest/Cruz_Bustamante/face_0_Cruz_Bustamante_0002.jpg;205
/home/ubuntu/data/orig3_biggest/Cruz_Bustamante/face_0_Cruz_Bustamante_0003.jpg;205
/home/ubuntu/data/orig3_biggest/Cruz_Bustamante/face_0_Cruz_Bustamante_0001.jpg;205
/home/ubuntu/data/orig3_biggest/George_Ryan/face_0_George_Ryan_0001.jpg;206
/home/ubuntu/data/orig3_biggest/George_Ryan/face_0_George_Ryan_0002.jpg;206
/home/ubuntu/data/orig3_biggest/George_Ryan/face_0_George_Ryan_0003.jpg;206
/home/ubuntu/data/orig3_biggest/Holly_Hunter/face_0_Holly_Hunter_0002.jpg;207
/home/ubuntu/data/orig3_biggest/Holly_Hunter/face_0_Holly_Hunter_0001.jpg;207
/home/ubuntu/data/orig3_biggest/Holly_Hunter/face_0_Holly_Hunter_0003.jpg;207
/home/ubuntu/data/orig3_biggest/Daniel_Radcliffe/face_0_Daniel_Radcliffe_0003.jpg;208
/home/ubuntu/data/orig3_biggest/Daniel_Radcliffe/face_0_Daniel_Radcliffe_0002.jpg;208
/home/ubuntu/data/orig3_biggest/Daniel_Radcliffe/face_0_Daniel_Radcliffe_0001.jpg;208
/home/ubuntu/data/orig3_biggest/Ben_Curtis/face_0_Ben_Curtis_0002.jpg;209
/home/ubuntu/data/orig3_biggest/Ben_Curtis/face_0_Ben_Curtis_0001.jpg;209
/home/ubuntu/data/orig3_biggest/Ben_Curtis/face_0_Ben_Curtis_0003.jpg;209
/home/ubuntu/data/orig3_biggest/Gregg_Popovich/face_0_Gregg_Popovich_0002.jpg;210
/home/ubuntu/data/orig3_biggest/Gregg_Popovich/face_0_Gregg_Popovich_0003.jpg;210
/home/ubuntu/data/orig3_biggest/Gregg_Popovich/face_0_Gregg_Popovich_0001.jpg;210
/home/ubuntu/data/orig3_biggest/Britney_Spears/face_0_Britney_Spears_0001.jpg;211
/home/ubuntu/data/orig3_biggest/Britney_Spears/face_0_Britney_Spears_0002.jpg;211
/home/ubuntu/data/orig3_biggest/Britney_Spears/face_0_Britney_Spears_0003.jpg;211
/home/ubuntu/data/orig3_biggest/Clare_Short/face_0_Clare_Short_0002.jpg;212
/home/ubuntu/data/orig3_biggest/Clare_Short/face_0_Clare_Short_0003.jpg;212
/home/ubuntu/data/orig3_biggest/Clare_Short/face_0_Clare_Short_0001.jpg;212
/home/ubuntu/data/orig3_biggest/Carrie-Anne_Moss/face_0_Carrie-Anne_Moss_0002.jpg;213
/home/ubuntu/data/orig3_biggest/Carrie-Anne_Moss/face_0_Carrie-Anne_Moss_0001.jpg;213
/home/ubuntu/data/orig3_biggest/Carrie-Anne_Moss/face_0_Carrie-Anne_Moss_0003.jpg;213
/home/ubuntu/data/orig3_biggest/Gustavo_Kuerten/face_0_Gustavo_Kuerten_0002.jpg;214
/home/ubuntu/data/orig3_biggest/Gustavo_Kuerten/face_0_Gustavo_Kuerten_0003.jpg;214
/home/ubuntu/data/orig3_biggest/Gustavo_Kuerten/face_0_Gustavo_Kuerten_0001.jpg;214
/home/ubuntu/data/orig3_biggest/Anne_Krueger/face_0_Anne_Krueger_0003.jpg;215
/home/ubuntu/data/orig3_biggest/Anne_Krueger/face_0_Anne_Krueger_0002.jpg;215
/home/ubuntu/data/orig3_biggest/Anne_Krueger/face_0_Anne_Krueger_0001.jpg;215
/home/ubuntu/data/orig3_biggest/Adel_Al-Jubeir/face_0_Adel_Al-Jubeir_0001.jpg;216
/home/ubuntu/data/orig3_biggest/Adel_Al-Jubeir/face_0_Adel_Al-Jubeir_0002.jpg;216
/home/ubuntu/data/orig3_biggest/Adel_Al-Jubeir/face_0_Adel_Al-Jubeir_0003.jpg;216
/home/ubuntu/data/orig3_biggest/Hun_Sen/face_0_Hun_Sen_0001.jpg;217
/home/ubuntu/data/orig3_biggest/Hun_Sen/face_0_Hun_Sen_0002.jpg;217
/home/ubuntu/data/orig3_biggest/Hun_Sen/face_0_Hun_Sen_0003.jpg;217
/home/ubuntu/data/orig3_biggest/Charles_Taylor/face_0_Charles_Taylor_0002.jpg;218
/home/ubuntu/data/orig3_biggest/Charles_Taylor/face_0_Charles_Taylor_0003.jpg;218
/home/ubuntu/data/orig3_biggest/Charles_Taylor/face_0_Charles_Taylor_0001.jpg;218
/home/ubuntu/data/orig3_biggest/Doug_Melvin/face_0_Doug_Melvin_0002.jpg;219
/home/ubuntu/data/orig3_biggest/Doug_Melvin/face_0_Doug_Melvin_0001.jpg;219
/home/ubuntu/data/orig3_biggest/Doug_Melvin/face_0_Doug_Melvin_0003.jpg;219
/home/ubuntu/data/orig3_biggest/Eliane_Karp/face_0_Eliane_Karp_0003.jpg;220
/home/ubuntu/data/orig3_biggest/Eliane_Karp/face_0_Eliane_Karp_0002.jpg;220
/home/ubuntu/data/orig3_biggest/Eliane_Karp/face_0_Eliane_Karp_0001.jpg;220
/home/ubuntu/data/orig3_biggest/Aicha_El_Ouafi/face_0_Aicha_El_Ouafi_0001.jpg;221
/home/ubuntu/data/orig3_biggest/Aicha_El_Ouafi/face_0_Aicha_El_Ouafi_0002.jpg;221
/home/ubuntu/data/orig3_biggest/Aicha_El_Ouafi/face_0_Aicha_El_Ouafi_0003.jpg;221
/home/ubuntu/data/orig3_biggest/Biljana_Plavsic/face_0_Biljana_Plavsic_0002.jpg;222
/home/ubuntu/data/orig3_biggest/Biljana_Plavsic/face_0_Biljana_Plavsic_0003.jpg;222
/home/ubuntu/data/orig3_biggest/Biljana_Plavsic/face_0_Biljana_Plavsic_0001.jpg;222
/home/ubuntu/data/orig3_biggest/Carlos_Manuel_Pruneda/face_0_Carlos_Manuel_Pruneda_0003.jpg;223
/home/ubuntu/data/orig3_biggest/Carlos_Manuel_Pruneda/face_0_Carlos_Manuel_Pruneda_0001.jpg;223
/home/ubuntu/data/orig3_biggest/Carlos_Manuel_Pruneda/face_0_Carlos_Manuel_Pruneda_0002.jpg;223
/home/ubuntu/data/orig3_biggest/Donald_Rumsfeld/face_0_Donald_Rumsfeld_0001.jpg;224
/home/ubuntu/data/orig3_biggest/Donald_Rumsfeld/face_0_Donald_Rumsfeld_0003.jpg;224
/home/ubuntu/data/orig3_biggest/Donald_Rumsfeld/face_0_Donald_Rumsfeld_0002.jpg;224
/home/ubuntu/data/orig3_biggest/Arminio_Fraga/face_0_Arminio_Fraga_0001.jpg;225
/home/ubuntu/data/orig3_biggest/Arminio_Fraga/face_0_Arminio_Fraga_0003.jpg;225
/home/ubuntu/data/orig3_biggest/Arminio_Fraga/face_0_Arminio_Fraga_0002.jpg;225
/home/ubuntu/data/orig3_biggest/Elena_Bovina/face_0_Elena_Bovina_0001.jpg;226
/home/ubuntu/data/orig3_biggest/Elena_Bovina/face_0_Elena_Bovina_0002.jpg;226
/home/ubuntu/data/orig3_biggest/Elena_Bovina/face_0_Elena_Bovina_0003.jpg;226
/home/ubuntu/data/orig3_biggest/Chanda_Rubin/face_0_Chanda_Rubin_0002.jpg;227
/home/ubuntu/data/orig3_biggest/Chanda_Rubin/face_0_Chanda_Rubin_0001.jpg;227
/home/ubuntu/data/orig3_biggest/Chanda_Rubin/face_0_Chanda_Rubin_0003.jpg;227
/home/ubuntu/data/orig3_biggest/Benazir_Bhutto/face_0_Benazir_Bhutto_0001.jpg;228
/home/ubuntu/data/orig3_biggest/Benazir_Bhutto/face_0_Benazir_Bhutto_0003.jpg;228
/home/ubuntu/data/orig3_biggest/Benazir_Bhutto/face_0_Benazir_Bhutto_0002.jpg;228
/home/ubuntu/data/orig3_biggest/Conan_OBrien/face_0_Conan_OBrien_0001.jpg;229
/home/ubuntu/data/orig3_biggest/Conan_OBrien/face_0_Conan_OBrien_0002.jpg;229
/home/ubuntu/data/orig3_biggest/Conan_OBrien/face_0_Conan_OBrien_0003.jpg;229
/home/ubuntu/data/orig3_biggest/Colin_Powell/face_0_Colin_Powell_0001.jpg;230
/home/ubuntu/data/orig3_biggest/Colin_Powell/face_0_Colin_Powell_0002.jpg;230
/home/ubuntu/data/orig3_biggest/Colin_Powell/face_0_Colin_Powell_0003.jpg;230
/home/ubuntu/data/orig3_biggest/Charles_Moose/face_0_Charles_Moose_0002.jpg;231
/home/ubuntu/data/orig3_biggest/Charles_Moose/face_0_Charles_Moose_0001.jpg;231
/home/ubuntu/data/orig3_biggest/Charles_Moose/face_0_Charles_Moose_0003.jpg;231
/home/ubuntu/data/orig3_biggest/Alan_Greenspan/face_0_Alan_Greenspan_0001.jpg;232
/home/ubuntu/data/orig3_biggest/Alan_Greenspan/face_0_Alan_Greenspan_0003.jpg;232
/home/ubuntu/data/orig3_biggest/Alan_Greenspan/face_0_Alan_Greenspan_0002.jpg;232
/home/ubuntu/data/orig3_biggest/Erik_Morales/face_0_Erik_Morales_0003.jpg;233
/home/ubuntu/data/orig3_biggest/Erik_Morales/face_0_Erik_Morales_0002.jpg;233
/home/ubuntu/data/orig3_biggest/Erik_Morales/face_0_Erik_Morales_0001.jpg;233
/home/ubuntu/data/orig3_biggest/Antony_Leung/face_0_Antony_Leung_0002.jpg;234
/home/ubuntu/data/orig3_biggest/Antony_Leung/face_0_Antony_Leung_0001.jpg;234
/home/ubuntu/data/orig3_biggest/Antony_Leung/face_0_Antony_Leung_0003.jpg;234
/home/ubuntu/data/orig3_biggest/Cate_Blanchett/face_0_Cate_Blanchett_0003.jpg;235
/home/ubuntu/data/orig3_biggest/Cate_Blanchett/face_0_Cate_Blanchett_0001.jpg;235
/home/ubuntu/data/orig3_biggest/Cate_Blanchett/face_0_Cate_Blanchett_0002.jpg;235
/home/ubuntu/data/orig3_biggest/Boris_Becker/face_0_Boris_Becker_0001.jpg;236
/home/ubuntu/data/orig3_biggest/Boris_Becker/face_0_Boris_Becker_0002.jpg;236
/home/ubuntu/data/orig3_biggest/Boris_Becker/face_0_Boris_Becker_0003.jpg;236
/home/ubuntu/data/orig3_biggest/Alexandra_Stevenson/face_0_Alexandra_Stevenson_0002.jpg;237
/home/ubuntu/data/orig3_biggest/Alexandra_Stevenson/face_0_Alexandra_Stevenson_0001.jpg;237
/home/ubuntu/data/orig3_biggest/Alexandra_Stevenson/face_0_Alexandra_Stevenson_0003.jpg;237
/home/ubuntu/data/orig3_biggest/Emanuel_Ginobili/face_0_Emanuel_Ginobili_0003.jpg;238
/home/ubuntu/data/orig3_biggest/Emanuel_Ginobili/face_0_Emanuel_Ginobili_0001.jpg;238
/home/ubuntu/data/orig3_biggest/Emanuel_Ginobili/face_0_Emanuel_Ginobili_0002.jpg;238
/home/ubuntu/data/orig3_biggest/Elizabeth_Hurley/face_0_Elizabeth_Hurley_0003.jpg;239
/home/ubuntu/data/orig3_biggest/Elizabeth_Hurley/face_0_Elizabeth_Hurley_0002.jpg;239
/home/ubuntu/data/orig3_biggest/Elizabeth_Hurley/face_0_Elizabeth_Hurley_0001.jpg;239
/home/ubuntu/data/orig3_biggest/Hamid_Karzai/face_0_Hamid_Karzai_0003.jpg;240
/home/ubuntu/data/orig3_biggest/Hamid_Karzai/face_0_Hamid_Karzai_0001.jpg;240
/home/ubuntu/data/orig3_biggest/Hamid_Karzai/face_0_Hamid_Karzai_0002.jpg;240
/home/ubuntu/data/orig3_biggest/Antonio_Palocci/face_0_Antonio_Palocci_0003.jpg;241
/home/ubuntu/data/orig3_biggest/Antonio_Palocci/face_0_Antonio_Palocci_0001.jpg;241
/home/ubuntu/data/orig3_biggest/Antonio_Palocci/face_0_Antonio_Palocci_0002.jpg;241
/home/ubuntu/data/orig3_biggest/Doris_Schroeder/face_0_Doris_Schroeder_0002.jpg;242
/home/ubuntu/data/orig3_biggest/Doris_Schroeder/face_0_Doris_Schroeder_0001.jpg;242
/home/ubuntu/data/orig3_biggest/Doris_Schroeder/face_0_Doris_Schroeder_0003.jpg;242
/home/ubuntu/data/orig3_biggest/Grant_Hackett/face_0_Grant_Hackett_0003.jpg;243
/home/ubuntu/data/orig3_biggest/Grant_Hackett/face_0_Grant_Hackett_0001.jpg;243
/home/ubuntu/data/orig3_biggest/Grant_Hackett/face_0_Grant_Hackett_0002.jpg;243
/home/ubuntu/data/orig3_biggest/Christina_Aguilera/face_0_Christina_Aguilera_0001.jpg;244
/home/ubuntu/data/orig3_biggest/Christina_Aguilera/face_0_Christina_Aguilera_0003.jpg;244
/home/ubuntu/data/orig3_biggest/Christina_Aguilera/face_0_Christina_Aguilera_0002.jpg;244
/home/ubuntu/data/orig3_biggest/Binyamin_Ben-Eliezer/face_0_Binyamin_Ben-Eliezer_0002.jpg;245
/home/ubuntu/data/orig3_biggest/Binyamin_Ben-Eliezer/face_0_Binyamin_Ben-Eliezer_0001.jpg;245
/home/ubuntu/data/orig3_biggest/Binyamin_Ben-Eliezer/face_0_Binyamin_Ben-Eliezer_0003.jpg;245
/home/ubuntu/data/orig3_biggest/Claudia_Schiffer/face_0_Claudia_Schiffer_0002.jpg;246
/home/ubuntu/data/orig3_biggest/Claudia_Schiffer/face_0_Claudia_Schiffer_0003.jpg;246
/home/ubuntu/data/orig3_biggest/Claudia_Schiffer/face_0_Claudia_Schiffer_0001.jpg;246
/home/ubuntu/data/orig3_biggest/Horst_Koehler/face_0_Horst_Koehler_0001.jpg;247
/home/ubuntu/data/orig3_biggest/Horst_Koehler/face_0_Horst_Koehler_0002.jpg;247
/home/ubuntu/data/orig3_biggest/Gerhard_Schroeder/face_0_Gerhard_Schroeder_0001.jpg;248
/home/ubuntu/data/orig3_biggest/Gerhard_Schroeder/face_0_Gerhard_Schroeder_0003.jpg;248
/home/ubuntu/data/orig3_biggest/Gerhard_Schroeder/face_0_Gerhard_Schroeder_0002.jpg;248
/home/ubuntu/data/orig3_biggest/Bob_Stoops/face_0_Bob_Stoops_0001.jpg;249
/home/ubuntu/data/orig3_biggest/Bob_Stoops/face_0_Bob_Stoops_0002.jpg;249
/home/ubuntu/data/orig3_biggest/Bob_Stoops/face_0_Bob_Stoops_0003.jpg;249
/home/ubuntu/data/orig3_biggest/Dennis_Hastert/face_0_Dennis_Hastert_0001.jpg;250
/home/ubuntu/data/orig3_biggest/Dennis_Hastert/face_0_Dennis_Hastert_0002.jpg;250
/home/ubuntu/data/orig3_biggest/Dennis_Hastert/face_0_Dennis_Hastert_0003.jpg;250
/home/ubuntu/data/orig3_biggest/Anastasia_Myskina/face_0_Anastasia_Myskina_0003.jpg;251
/home/ubuntu/data/orig3_biggest/Anastasia_Myskina/face_0_Anastasia_Myskina_0001.jpg;251
/home/ubuntu/data/orig3_biggest/Anastasia_Myskina/face_0_Anastasia_Myskina_0002.jpg;251
/home/ubuntu/data/orig3_biggest/Christine_Baumgartner/face_0_Christine_Baumgartner_0002.jpg;252
/home/ubuntu/data/orig3_biggest/Christine_Baumgartner/face_0_Christine_Baumgartner_0003.jpg;252
/home/ubuntu/data/orig3_biggest/Christine_Baumgartner/face_0_Christine_Baumgartner_0001.jpg;252
/home/ubuntu/data/orig3_biggest/Anna_Kournikova/face_0_Anna_Kournikova_0001.jpg;253
/home/ubuntu/data/orig3_biggest/Anna_Kournikova/face_0_Anna_Kournikova_0002.jpg;253
/home/ubuntu/data/orig3_biggest/Anna_Kournikova/face_0_Anna_Kournikova_0003.jpg;253
/home/ubuntu/data/orig3_biggest/Ahmed_Chalabi/face_0_Ahmed_Chalabi_0001.jpg;254
/home/ubuntu/data/orig3_biggest/Ahmed_Chalabi/face_0_Ahmed_Chalabi_0002.jpg;254
/home/ubuntu/data/orig3_biggest/Ahmed_Chalabi/face_0_Ahmed_Chalabi_0003.jpg;254
/home/ubuntu/data/orig3_biggest/Alexander_Losyukov/face_0_Alexander_Losyukov_0002.jpg;255
/home/ubuntu/data/orig3_biggest/Alexander_Losyukov/face_0_Alexander_Losyukov_0001.jpg;255
/home/ubuntu/data/orig3_biggest/Alexander_Losyukov/face_0_Alexander_Losyukov_0003.jpg;255
/home/ubuntu/data/orig3_biggest/Dick_Cheney/face_0_Dick_Cheney_0002.jpg;256
/home/ubuntu/data/orig3_biggest/Dick_Cheney/face_0_Dick_Cheney_0003.jpg;256
/home/ubuntu/data/orig3_biggest/Dick_Cheney/face_0_Dick_Cheney_0001.jpg;256
/home/ubuntu/data/orig3_biggest/Ben_Howland/face_0_Ben_Howland_0001.jpg;257
/home/ubuntu/data/orig3_biggest/Ben_Howland/face_0_Ben_Howland_0003.jpg;257
/home/ubuntu/data/orig3_biggest/Ben_Howland/face_0_Ben_Howland_0002.jpg;257
/home/ubuntu/data/orig3_biggest/Carly_Fiorina/face_0_Carly_Fiorina_0002.jpg;258
/home/ubuntu/data/orig3_biggest/Carly_Fiorina/face_0_Carly_Fiorina_0001.jpg;258
/home/ubuntu/data/orig3_biggest/Carly_Fiorina/face_0_Carly_Fiorina_0003.jpg;258
/home/ubuntu/data/orig3_biggest/Elizabeth_Smart/face_0_Elizabeth_Smart_0003.jpg;259
/home/ubuntu/data/orig3_biggest/Elizabeth_Smart/face_0_Elizabeth_Smart_0001.jpg;259
/home/ubuntu/data/orig3_biggest/Elizabeth_Smart/face_0_Elizabeth_Smart_0002.jpg;259
/home/ubuntu/data/orig3_biggest/Eric_Robert_Rudolph/face_0_Eric_Robert_Rudolph_0002.jpg;260
/home/ubuntu/data/orig3_biggest/Eric_Robert_Rudolph/face_0_Eric_Robert_Rudolph_0003.jpg;260
/home/ubuntu/data/orig3_biggest/Eric_Robert_Rudolph/face_0_Eric_Robert_Rudolph_0001.jpg;260
/home/ubuntu/data/orig3_biggest/Gary_Carter/face_0_Gary_Carter_0002.jpg;261
/home/ubuntu/data/orig3_biggest/Gary_Carter/face_0_Gary_Carter_0001.jpg;261
/home/ubuntu/data/orig3_biggest/Gary_Carter/face_0_Gary_Carter_0003.jpg;261
/home/ubuntu/data/orig3_biggest/Dominique_de_Villepin/face_0_Dominique_de_Villepin_0001.jpg;262
/home/ubuntu/data/orig3_biggest/Dominique_de_Villepin/face_0_Dominique_de_Villepin_0002.jpg;262
/home/ubuntu/data/orig3_biggest/Dominique_de_Villepin/face_0_Dominique_de_Villepin_0003.jpg;262
/home/ubuntu/data/orig3_biggest/Bill_Gates/face_0_Bill_Gates_0001.jpg;263
/home/ubuntu/data/orig3_biggest/Bill_Gates/face_0_Bill_Gates_0002.jpg;263
/home/ubuntu/data/orig3_biggest/Bill_Gates/face_0_Bill_Gates_0003.jpg;263
/home/ubuntu/data/orig3_biggest/Debra_Messing/face_0_Debra_Messing_0001.jpg;264
/home/ubuntu/data/orig3_biggest/Debra_Messing/face_0_Debra_Messing_0003.jpg;264
/home/ubuntu/data/orig3_biggest/Debra_Messing/face_0_Debra_Messing_0002.jpg;264
/home/ubuntu/data/orig3_biggest/George_Robertson/face_0_George_Robertson_0002.jpg;265
/home/ubuntu/data/orig3_biggest/George_Robertson/face_0_George_Robertson_0003.jpg;265
/home/ubuntu/data/orig3_biggest/George_Robertson/face_0_George_Robertson_0001.jpg;265
/home/ubuntu/data/orig3_biggest/Bridgette_Wilson-Sampras/face_0_Bridgette_Wilson-Sampras_0001.jpg;266
/home/ubuntu/data/orig3_biggest/Bridgette_Wilson-Sampras/face_0_Bridgette_Wilson-Sampras_0002.jpg;266
/home/ubuntu/data/orig3_biggest/Bridgette_Wilson-Sampras/face_0_Bridgette_Wilson-Sampras_0003.jpg;266
/home/ubuntu/data/orig3_biggest/Caroline_Kennedy/face_0_Caroline_Kennedy_0003.jpg;267
/home/ubuntu/data/orig3_biggest/Caroline_Kennedy/face_0_Caroline_Kennedy_0001.jpg;267
/home/ubuntu/data/orig3_biggest/Caroline_Kennedy/face_0_Caroline_Kennedy_0002.jpg;267
/home/ubuntu/data/orig3_biggest/Bill_Graham/face_0_Bill_Graham_0003.jpg;268
/home/ubuntu/data/orig3_biggest/Bill_Graham/face_0_Bill_Graham_0001.jpg;268
/home/ubuntu/data/orig3_biggest/Bill_Graham/face_0_Bill_Graham_0002.jpg;268
/home/ubuntu/data/orig3_biggest/Gordon_Brown/face_0_Gordon_Brown_0001.jpg;269
/home/ubuntu/data/orig3_biggest/Gordon_Brown/face_0_Gordon_Brown_0002.jpg;269
/home/ubuntu/data/orig3_biggest/Gordon_Brown/face_0_Gordon_Brown_0003.jpg;269
/home/ubuntu/data/orig3_biggest/Carmen_Electra/face_0_Carmen_Electra_0001.jpg;270
/home/ubuntu/data/orig3_biggest/Carmen_Electra/face_0_Carmen_Electra_0002.jpg;270
/home/ubuntu/data/orig3_biggest/Carmen_Electra/face_0_Carmen_Electra_0003.jpg;270
/home/ubuntu/data/orig3_biggest/Bob_Graham/face_0_Bob_Graham_0002.jpg;271
/home/ubuntu/data/orig3_biggest/Bob_Graham/face_0_Bob_Graham_0003.jpg;271
/home/ubuntu/data/orig3_biggest/Bob_Graham/face_0_Bob_Graham_0001.jpg;271
/home/ubuntu/data/orig3_biggest/David_Trimble/face_0_David_Trimble_0001.jpg;272
/home/ubuntu/data/orig3_biggest/David_Trimble/face_0_David_Trimble_0003.jpg;272
/home/ubuntu/data/orig3_biggest/David_Trimble/face_0_David_Trimble_0002.jpg;272
/home/ubuntu/data/orig3_biggest/Hugo_Chavez/face_0_Hugo_Chavez_0001.jpg;273
/home/ubuntu/data/orig3_biggest/Hugo_Chavez/face_0_Hugo_Chavez_0002.jpg;273
/home/ubuntu/data/orig3_biggest/Hugo_Chavez/face_0_Hugo_Chavez_0003.jpg;273
/home/ubuntu/data/orig3_biggest/Abdoulaye_Wade/face_0_Abdoulaye_Wade_0001.jpg;274
/home/ubuntu/data/orig3_biggest/Abdoulaye_Wade/face_0_Abdoulaye_Wade_0003.jpg;274
/home/ubuntu/data/orig3_biggest/Abdoulaye_Wade/face_0_Abdoulaye_Wade_0002.jpg;274
/home/ubuntu/data/orig3_biggest/Gerry_Adams/face_0_Gerry_Adams_0002.jpg;275
/home/ubuntu/data/orig3_biggest/Gerry_Adams/face_0_Gerry_Adams_0003.jpg;275
/home/ubuntu/data/orig3_biggest/Gerry_Adams/face_0_Gerry_Adams_0001.jpg;275
/home/ubuntu/data/orig3_biggest/Gwendal_Peizerat/face_0_Gwendal_Peizerat_0002.jpg;276
/home/ubuntu/data/orig3_biggest/Gwendal_Peizerat/face_0_Gwendal_Peizerat_0001.jpg;276
/home/ubuntu/data/orig3_biggest/Gwendal_Peizerat/face_0_Gwendal_Peizerat_0003.jpg;276
/home/ubuntu/data/orig3_biggest/Barbara_Walters/face_0_Barbara_Walters_0003.jpg;277
/home/ubuntu/data/orig3_biggest/Barbara_Walters/face_0_Barbara_Walters_0001.jpg;277
/home/ubuntu/data/orig3_biggest/Barbara_Walters/face_0_Barbara_Walters_0002.jpg;277
/home/ubuntu/data/orig3_biggest/Hans_Blix/face_0_Hans_Blix_0003.jpg;278
/home/ubuntu/data/orig3_biggest/Hans_Blix/face_0_Hans_Blix_0002.jpg;278
/home/ubuntu/data/orig3_biggest/Hans_Blix/face_0_Hans_Blix_0001.jpg;278
/home/ubuntu/data/orig3_biggest/Abdullah/face_0_Abdullah_0002.jpg;279
/home/ubuntu/data/orig3_biggest/Abdullah/face_0_Abdullah_0003.jpg;279
/home/ubuntu/data/orig3_biggest/Abdullah/face_0_Abdullah_0001.jpg;279
/home/ubuntu/data/orig3_biggest/Ari_Fleischer/face_0_Ari_Fleischer_0002.jpg;280
/home/ubuntu/data/orig3_biggest/Ari_Fleischer/face_0_Ari_Fleischer_0003.jpg;280
/home/ubuntu/data/orig3_biggest/Ari_Fleischer/face_0_Ari_Fleischer_0001.jpg;280
/home/ubuntu/data/orig3_biggest/Ed_Rosenthal/face_0_Ed_Rosenthal_0003.jpg;281
/home/ubuntu/data/orig3_biggest/Ed_Rosenthal/face_0_Ed_Rosenthal_0002.jpg;281
/home/ubuntu/data/orig3_biggest/Ed_Rosenthal/face_0_Ed_Rosenthal_0001.jpg;281
/home/ubuntu/data/orig3_biggest/Cesar_Gaviria/face_0_Cesar_Gaviria_0001.jpg;282
/home/ubuntu/data/orig3_biggest/Cesar_Gaviria/face_0_Cesar_Gaviria_0002.jpg;282
/home/ubuntu/data/orig3_biggest/Cesar_Gaviria/face_0_Cesar_Gaviria_0003.jpg;282
/home/ubuntu/data/orig3_biggest/Amelia_Vega/face_0_Amelia_Vega_0001.jpg;283
/home/ubuntu/data/orig3_biggest/Amelia_Vega/face_0_Amelia_Vega_0003.jpg;283
/home/ubuntu/data/orig3_biggest/Amelia_Vega/face_0_Amelia_Vega_0002.jpg;283
/home/ubuntu/data/orig3_biggest/Carson_Palmer/face_0_Carson_Palmer_0001.jpg;284
/home/ubuntu/data/orig3_biggest/Carson_Palmer/face_0_Carson_Palmer_0002.jpg;284
/home/ubuntu/data/orig3_biggest/Carson_Palmer/face_0_Carson_Palmer_0003.jpg;284
/home/ubuntu/data/orig3_biggest/Gunter_Pleuger/face_0_Gunter_Pleuger_0001.jpg;285
/home/ubuntu/data/orig3_biggest/Gunter_Pleuger/face_0_Gunter_Pleuger_0002.jpg;285
/home/ubuntu/data/orig3_biggest/Gunter_Pleuger/face_0_Gunter_Pleuger_0003.jpg;285
/home/ubuntu/data/orig3_biggest/Hilary_Duff/face_0_Hilary_Duff_0001.jpg;286
/home/ubuntu/data/orig3_biggest/Hilary_Duff/face_0_Hilary_Duff_0003.jpg;286
/home/ubuntu/data/orig3_biggest/Hilary_Duff/face_0_Hilary_Duff_0002.jpg;286
/home/ubuntu/data/orig3_biggest/Chan_Gailey/face_0_Chan_Gailey_0003.jpg;287
/home/ubuntu/data/orig3_biggest/Chan_Gailey/face_0_Chan_Gailey_0001.jpg;287
/home/ubuntu/data/orig3_biggest/Chan_Gailey/face_0_Chan_Gailey_0002.jpg;287
/home/ubuntu/data/orig3_biggest/Alex_Sink/face_0_Alex_Sink_0001.jpg;288
/home/ubuntu/data/orig3_biggest/Alex_Sink/face_0_Alex_Sink_0003.jpg;288
/home/ubuntu/data/orig3_biggest/Alex_Sink/face_0_Alex_Sink_0002.jpg;288
/home/ubuntu/data/orig3_biggest/Gloria_Macapagal_Arroyo/face_0_Gloria_Macapagal_Arroyo_0001.jpg;289
/home/ubuntu/data/orig3_biggest/Gloria_Macapagal_Arroyo/face_0_Gloria_Macapagal_Arroyo_0002.jpg;289
/home/ubuntu/data/orig3_biggest/Gloria_Macapagal_Arroyo/face_0_Gloria_Macapagal_Arroyo_0003.jpg;289
/home/ubuntu/data/orig3_biggest/Filippo_Inzaghi/face_0_Filippo_Inzaghi_0003.jpg;290
/home/ubuntu/data/orig3_biggest/Filippo_Inzaghi/face_0_Filippo_Inzaghi_0002.jpg;290
/home/ubuntu/data/orig3_biggest/Filippo_Inzaghi/face_0_Filippo_Inzaghi_0001.jpg;290
/home/ubuntu/data/orig3_biggest/Heidi_Fleiss/face_0_Heidi_Fleiss_0002.jpg;291
/home/ubuntu/data/orig3_biggest/Heidi_Fleiss/face_0_Heidi_Fleiss_0003.jpg;291
/home/ubuntu/data/orig3_biggest/Heidi_Fleiss/face_0_Heidi_Fleiss_0001.jpg;291
/home/ubuntu/data/orig3_biggest/Conchita_Martinez/face_0_Conchita_Martinez_0003.jpg;292
/home/ubuntu/data/orig3_biggest/Conchita_Martinez/face_0_Conchita_Martinez_0001.jpg;292
/home/ubuntu/data/orig3_biggest/Conchita_Martinez/face_0_Conchita_Martinez_0002.jpg;292
/home/ubuntu/data/orig3_biggest/Bud_Selig/face_0_Bud_Selig_0001.jpg;293
/home/ubuntu/data/orig3_biggest/Bud_Selig/face_0_Bud_Selig_0002.jpg;293
/home/ubuntu/data/orig3_biggest/Bud_Selig/face_0_Bud_Selig_0003.jpg;293
/home/ubuntu/data/orig3_biggest/Bob_Dole/face_0_Bob_Dole_0002.jpg;294
/home/ubuntu/data/orig3_biggest/Bob_Dole/face_0_Bob_Dole_0001.jpg;294
/home/ubuntu/data/orig3_biggest/Bob_Dole/face_0_Bob_Dole_0003.jpg;294
/home/ubuntu/data/orig3_biggest/Felipe_Perez_Roque/face_0_Felipe_Perez_Roque_0003.jpg;295
/home/ubuntu/data/orig3_biggest/Felipe_Perez_Roque/face_0_Felipe_Perez_Roque_0002.jpg;295
/home/ubuntu/data/orig3_biggest/Felipe_Perez_Roque/face_0_Felipe_Perez_Roque_0001.jpg;295
/home/ubuntu/data/orig3_biggest/Adrien_Brody/face_0_Adrien_Brody_0003.jpg;296
/home/ubuntu/data/orig3_biggest/Adrien_Brody/face_0_Adrien_Brody_0002.jpg;296
/home/ubuntu/data/orig3_biggest/Adrien_Brody/face_0_Adrien_Brody_0001.jpg;296
/home/ubuntu/data/orig3_biggest/Carolyn_Dawn_Johnson/face_0_Carolyn_Dawn_Johnson_0003.jpg;297
/home/ubuntu/data/orig3_biggest/Carolyn_Dawn_Johnson/face_0_Carolyn_Dawn_Johnson_0002.jpg;297
/home/ubuntu/data/orig3_biggest/Carolyn_Dawn_Johnson/face_0_Carolyn_Dawn_Johnson_0001.jpg;297
/home/ubuntu/data/orig3_biggest/Antonio_Trillanes/face_0_Antonio_Trillanes_0003.jpg;298
/home/ubuntu/data/orig3_biggest/Antonio_Trillanes/face_0_Antonio_Trillanes_0001.jpg;298
/home/ubuntu/data/orig3_biggest/Antonio_Trillanes/face_0_Antonio_Trillanes_0002.jpg;298
/home/ubuntu/data/orig3_biggest/Bob_Hope/face_0_Bob_Hope_0002.jpg;299
/home/ubuntu/data/orig3_biggest/Bob_Hope/face_0_Bob_Hope_0003.jpg;299
/home/ubuntu/data/orig3_biggest/Bob_Hope/face_0_Bob_Hope_0001.jpg;299
/home/ubuntu/data/orig3_biggest/Carlos_Ortega/face_0_Carlos_Ortega_0002.jpg;300
/home/ubuntu/data/orig3_biggest/Carlos_Ortega/face_0_Carlos_Ortega_0003.jpg;300
/home/ubuntu/data/orig3_biggest/Carlos_Ortega/face_0_Carlos_Ortega_0001.jpg;300
/home/ubuntu/data/orig3_biggest/Bill_Simon/face_0_Bill_Simon_0002.jpg;301
/home/ubuntu/data/orig3_biggest/Bill_Simon/face_0_Bill_Simon_0003.jpg;301
/home/ubuntu/data/orig3_biggest/Bill_Simon/face_0_Bill_Simon_0001.jpg;301
/home/ubuntu/data/orig3_biggest/Gray_Davis/face_0_Gray_Davis_0002.jpg;302
/home/ubuntu/data/orig3_biggest/Gray_Davis/face_0_Gray_Davis_0003.jpg;302
/home/ubuntu/data/orig3_biggest/Gray_Davis/face_0_Gray_Davis_0001.jpg;302
/home/ubuntu/data/orig3_biggest/Andre_Agassi/face_0_Andre_Agassi_0003.jpg;303
/home/ubuntu/data/orig3_biggest/Andre_Agassi/face_0_Andre_Agassi_0001.jpg;303
/home/ubuntu/data/orig3_biggest/Andre_Agassi/face_0_Andre_Agassi_0002.jpg;303
/home/ubuntu/data/orig3_biggest/Halle_Berry/face_0_Halle_Berry_0001.jpg;304
/home/ubuntu/data/orig3_biggest/Halle_Berry/face_0_Halle_Berry_0003.jpg;304
/home/ubuntu/data/orig3_biggest/Halle_Berry/face_0_Halle_Berry_0002.jpg;304
/home/ubuntu/data/orig3_biggest/Gwyneth_Paltrow/face_0_Gwyneth_Paltrow_0002.jpg;305
/home/ubuntu/data/orig3_biggest/Gwyneth_Paltrow/face_0_Gwyneth_Paltrow_0001.jpg;305
/home/ubuntu/data/orig3_biggest/Gwyneth_Paltrow/face_0_Gwyneth_Paltrow_0003.jpg;305
/home/ubuntu/data/orig3_biggest/Ai_Sugiyama/face_0_Ai_Sugiyama_0002.jpg;306
/home/ubuntu/data/orig3_biggest/Ai_Sugiyama/face_0_Ai_Sugiyama_0001.jpg;306
/home/ubuntu/data/orig3_biggest/Ai_Sugiyama/face_0_Ai_Sugiyama_0003.jpg;306
/home/ubuntu/data/orig3_biggest/Calista_Flockhart/face_0_Calista_Flockhart_0003.jpg;307
/home/ubuntu/data/orig3_biggest/Calista_Flockhart/face_0_Calista_Flockhart_0001.jpg;307
/home/ubuntu/data/orig3_biggest/Calista_Flockhart/face_0_Calista_Flockhart_0002.jpg;307
/home/ubuntu/data/orig3_biggest/Ed_Smart/face_0_Ed_Smart_0001.jpg;308
/home/ubuntu/data/orig3_biggest/Ed_Smart/face_0_Ed_Smart_0003.jpg;308
/home/ubuntu/data/orig3_biggest/Ed_Smart/face_0_Ed_Smart_0002.jpg;308
/home/ubuntu/data/orig3_biggest/Christopher_Reeve/face_0_Christopher_Reeve_0003.jpg;309
/home/ubuntu/data/orig3_biggest/Christopher_Reeve/face_0_Christopher_Reeve_0002.jpg;309
/home/ubuntu/data/orig3_biggest/Christopher_Reeve/face_0_Christopher_Reeve_0001.jpg;309
/home/ubuntu/data/orig3_biggest/Emmanuelle_Beart/face_0_Emmanuelle_Beart_0001.jpg;310
/home/ubuntu/data/orig3_biggest/Emmanuelle_Beart/face_0_Emmanuelle_Beart_0003.jpg;310
/home/ubuntu/data/orig3_biggest/Emmanuelle_Beart/face_0_Emmanuelle_Beart_0002.jpg;310
/home/ubuntu/data/orig3_biggest/Arlen_Specter/face_0_Arlen_Specter_0003.jpg;311
/home/ubuntu/data/orig3_biggest/Arlen_Specter/face_0_Arlen_Specter_0001.jpg;311
/home/ubuntu/data/orig3_biggest/Arlen_Specter/face_0_Arlen_Specter_0002.jpg;311
/home/ubuntu/data/orig3_biggest/Hal_Gehman/face_0_Hal_Gehman_0003.jpg;312
/home/ubuntu/data/orig3_biggest/Hal_Gehman/face_0_Hal_Gehman_0002.jpg;312
/home/ubuntu/data/orig3_biggest/Hal_Gehman/face_0_Hal_Gehman_0001.jpg;312
/home/ubuntu/data/orig3_biggest/Glafcos_Clerides/face_0_Glafcos_Clerides_0003.jpg;313
/home/ubuntu/data/orig3_biggest/Glafcos_Clerides/face_0_Glafcos_Clerides_0001.jpg;313
/home/ubuntu/data/orig3_biggest/Glafcos_Clerides/face_0_Glafcos_Clerides_0002.jpg;313
/home/ubuntu/data/orig3_biggest/Carolina_Kluft/face_0_Carolina_Kluft_0002.jpg;314
/home/ubuntu/data/orig3_biggest/Carolina_Kluft/face_0_Carolina_Kluft_0001.jpg;314
/home/ubuntu/data/orig3_biggest/Carolina_Kluft/face_0_Carolina_Kluft_0003.jpg;314
/home/ubuntu/data/orig3_biggest/Fujio_Cho/face_0_Fujio_Cho_0003.jpg;315
/home/ubuntu/data/orig3_biggest/Fujio_Cho/face_0_Fujio_Cho_0002.jpg;315
/home/ubuntu/data/orig3_biggest/Fujio_Cho/face_0_Fujio_Cho_0001.jpg;315
/home/ubuntu/data/orig3_biggest/Frank_Cassell/face_0_Frank_Cassell_0002.jpg;316
/home/ubuntu/data/orig3_biggest/Frank_Cassell/face_0_Frank_Cassell_0001.jpg;316
/home/ubuntu/data/orig3_biggest/Frank_Cassell/face_0_Frank_Cassell_0003.jpg;316
/home/ubuntu/data/orig3_biggest/Francisco_Flores/face_0_Francisco_Flores_0001.jpg;317
/home/ubuntu/data/orig3_biggest/Francisco_Flores/face_0_Francisco_Flores_0002.jpg;317
/home/ubuntu/data/orig3_biggest/Francisco_Flores/face_0_Francisco_Flores_0003.jpg;317
/home/ubuntu/data/orig3_biggest/David_Hyde_Pierce/face_0_David_Hyde_Pierce_0002.jpg;318
/home/ubuntu/data/orig3_biggest/David_Hyde_Pierce/face_0_David_Hyde_Pierce_0001.jpg;318
/home/ubuntu/data/orig3_biggest/David_Hyde_Pierce/face_0_David_Hyde_Pierce_0003.jpg;318
/home/ubuntu/data/orig3_biggest/Habib_Rizieq/face_0_Habib_Rizieq_0001.jpg;319
/home/ubuntu/data/orig3_biggest/Habib_Rizieq/face_0_Habib_Rizieq_0002.jpg;319
/home/ubuntu/data/orig3_biggest/Habib_Rizieq/face_0_Habib_Rizieq_0003.jpg;319
/home/ubuntu/data/orig3_biggest/Elsa_Zylberstein/face_0_Elsa_Zylberstein_0002.jpg;320
/home/ubuntu/data/orig3_biggest/Elsa_Zylberstein/face_0_Elsa_Zylberstein_0001.jpg;320
/home/ubuntu/data/orig3_biggest/Elsa_Zylberstein/face_0_Elsa_Zylberstein_0003.jpg;320
/home/ubuntu/data/orig3_biggest/Arnoldo_Aleman/face_0_Arnoldo_Aleman_0003.jpg;321
/home/ubuntu/data/orig3_biggest/Arnoldo_Aleman/face_0_Arnoldo_Aleman_0001.jpg;321
/home/ubuntu/data/orig3_biggest/Arnoldo_Aleman/face_0_Arnoldo_Aleman_0002.jpg;321
/home/ubuntu/data/orig3_biggest/Carlos_Menem/face_0_Carlos_Menem_0003.jpg;322
/home/ubuntu/data/orig3_biggest/Carlos_Menem/face_0_Carlos_Menem_0001.jpg;322
/home/ubuntu/data/orig3_biggest/Carlos_Menem/face_0_Carlos_Menem_0002.jpg;322
/home/ubuntu/data/orig3_biggest/Amelie_Mauresmo/face_0_Amelie_Mauresmo_0002.jpg;323
/home/ubuntu/data/orig3_biggest/Amelie_Mauresmo/face_0_Amelie_Mauresmo_0001.jpg;323
/home/ubuntu/data/orig3_biggest/Amelie_Mauresmo/face_0_Amelie_Mauresmo_0003.jpg;323
/home/ubuntu/data/orig3_biggest/Alvaro_Uribe/face_0_Alvaro_Uribe_0002.jpg;324
/home/ubuntu/data/orig3_biggest/Alvaro_Uribe/face_0_Alvaro_Uribe_0003.jpg;324
/home/ubuntu/data/orig3_biggest/Alvaro_Uribe/face_0_Alvaro_Uribe_0001.jpg;324
/home/ubuntu/data/orig3_biggest/Donald_Pettit/face_0_Donald_Pettit_0003.jpg;325
/home/ubuntu/data/orig3_biggest/Donald_Pettit/face_0_Donald_Pettit_0001.jpg;325
/home/ubuntu/data/orig3_biggest/Donald_Pettit/face_0_Donald_Pettit_0002.jpg;325
/home/ubuntu/data/orig3_biggest/Cecilia_Bolocco/face_0_Cecilia_Bolocco_0001.jpg;326
/home/ubuntu/data/orig3_biggest/Cecilia_Bolocco/face_0_Cecilia_Bolocco_0003.jpg;326
/home/ubuntu/data/orig3_biggest/Cecilia_Bolocco/face_0_Cecilia_Bolocco_0002.jpg;326
/home/ubuntu/data/orig3_biggest/Emma_Thompson/face_0_Emma_Thompson_0001.jpg;327
/home/ubuntu/data/orig3_biggest/Emma_Thompson/face_0_Emma_Thompson_0003.jpg;327
/home/ubuntu/data/orig3_biggest/Emma_Thompson/face_0_Emma_Thompson_0002.jpg;327
/home/ubuntu/data/orig3_biggest/Azra_Akin/face_0_Azra_Akin_0001.jpg;328
/home/ubuntu/data/orig3_biggest/Azra_Akin/face_0_Azra_Akin_0003.jpg;328
/home/ubuntu/data/orig3_biggest/Azra_Akin/face_0_Azra_Akin_0002.jpg;328
/home/ubuntu/data/orig3_biggest/Clint_Eastwood/face_0_Clint_Eastwood_0001.jpg;329
/home/ubuntu/data/orig3_biggest/Clint_Eastwood/face_0_Clint_Eastwood_0003.jpg;329
/home/ubuntu/data/orig3_biggest/Clint_Eastwood/face_0_Clint_Eastwood_0002.jpg;329
/home/ubuntu/data/orig3_biggest/Dan_Morales/face_0_Dan_Morales_0003.jpg;330
/home/ubuntu/data/orig3_biggest/Dan_Morales/face_0_Dan_Morales_0001.jpg;330
/home/ubuntu/data/orig3_biggest/Dan_Morales/face_0_Dan_Morales_0002.jpg;330
/home/ubuntu/data/orig3_biggest/Albert_Costa/face_0_Albert_Costa_0001.jpg;331
/home/ubuntu/data/orig3_biggest/Albert_Costa/face_0_Albert_Costa_0003.jpg;331
/home/ubuntu/data/orig3_biggest/Albert_Costa/face_0_Albert_Costa_0002.jpg;331
/home/ubuntu/data/orig3_biggest/Andrew_Weissmann/face_0_Andrew_Weissmann_0002.jpg;332
/home/ubuntu/data/orig3_biggest/Andrew_Weissmann/face_0_Andrew_Weissmann_0001.jpg;332
/home/ubuntu/data/orig3_biggest/Andrew_Weissmann/face_0_Andrew_Weissmann_0003.jpg;332
/home/ubuntu/data/orig3_biggest/Ernie_Els/face_0_Ernie_Els_0002.jpg;333
/home/ubuntu/data/orig3_biggest/Ernie_Els/face_0_Ernie_Els_0001.jpg;333
/home/ubuntu/data/orig3_biggest/Ernie_Els/face_0_Ernie_Els_0003.jpg;333
